item_id,category
id_00000001,Blouses_Shirts
id_00000002,Dresses
id_00000003,Skirts
id_00000004,Blouses_Shirts
id_00000005,Blouses_Shirts
id_00000006,Sweatshirts_Hoodies
id_00000007,Tees_Tanks
id_00000008,Dresses
id_00000009,Dresses
id_00000010,Cardigans
id_00000011,Dresses
id_00000012,Tees_Tanks
id_00000013,Jackets_Coats
id_00000014,Sweaters
id_00000015,Blouses_Shirts
id_00000016,Sweaters
id_00000017,Tees_Tanks
id_00000018,Sweaters
id_00000019,Graphic_Tees
id_00000020,Tees_Tanks
id_00000021,Dresses
id_00000022,Shorts
id_00000023,Dresses
id_00000024,Blouses_Shirts
id_00000025,Blouses_Shirts
id_00000026,Tees_Tanks
id_00000027,Dresses
id_00000028,Blouses_Shirts
id_00000029,Pants
id_00000030,Tees_Tanks
id_00000031,Blouses_Shirts
id_00000032,Tees_Tanks
id_00000033,Rompers_Jumpsuits
id_00000034,Dresses
id_00000035,Dresses
id_00000036,Cardigans
id_00000037,Dresses
id_00000038,Blouses_Shirts
id_00000039,Sweaters
id_00000040,Blouses_Shirts
id_00000041,Dresses
id_00000042,Dresses
id_00000043,Blouses_Shirts
id_00000044,Graphic_Tees
id_00000045,Tees_Tanks
id_00000046,Graphic_Tees
id_00000047,Dresses
id_00000048,Tees_Tanks
id_00000049,Sweaters
id_00000050,Rompers_Jumpsuits
id_00000051,Sweatshirts_Hoodies
id_00000052,Pants
id_00000053,Pants
id_00000054,Jackets_Coats
id_00000055,Denim
id_00000056,Shorts
id_00000057,Blouses_Shirts
id_00000058,Jackets_Coats
id_00000059,Dresses
id_00000060,Tees_Tanks
id_00000061,Tees_Tanks
id_00000062,Sweaters
id_00000063,Pants
id_00000064,Dresses
id_00000065,Pants
id_00000066,Shorts
id_00000067,Blouses_Shirts
id_00000068,Graphic_Tees
id_00000069,Jackets_Coats
id_00000070,Cardigans
id_00000071,Cardigans
id_00000072,Blouses_Shirts
id_00000073,Dresses
id_00000074,Dresses
id_00000075,Tees_Tanks
id_00000076,Rompers_Jumpsuits
id_00000077,Rompers_Jumpsuits
id_00000078,Sweaters
id_00000079,Tees_Tanks
id_00000080,Denim
id_00000081,Shorts
id_00000082,Blouses_Shirts
id_00000083,Dresses
id_00000084,Jackets_Vests
id_00000085,Tees_Tanks
id_00000086,Graphic_Tees
id_00000087,Dresses
id_00000088,Dresses
id_00000089,Denim
id_00000090,Blouses_Shirts
id_00000091,Tees_Tanks
id_00000092,Dresses
id_00000093,Blouses_Shirts
id_00000094,Jackets_Vests
id_00000095,Sweatshirts_Hoodies
id_00000096,Dresses
id_00000097,Sweaters
id_00000098,Sweaters
id_00000099,Tees_Tanks
id_00000100,Tees_Tanks
id_00000101,Tees_Tanks
id_00000102,Tees_Tanks
id_00000103,Shorts
id_00000104,Blouses_Shirts
id_00000105,Pants
id_00000106,Dresses
id_00000107,Sweaters
id_00000108,Blouses_Shirts
id_00000109,Tees_Tanks
id_00000110,Blouses_Shirts
id_00000111,Skirts
id_00000112,Tees_Tanks
id_00000113,Tees_Tanks
id_00000114,Pants
id_00000115,Graphic_Tees
id_00000116,Jackets_Coats
id_00000117,Tees_Tanks
id_00000118,Dresses
id_00000119,Cardigans
id_00000120,Tees_Tanks
id_00000121,Sweatshirts_Hoodies
id_00000122,Tees_Tanks
id_00000123,Tees_Tanks
id_00000124,Tees_Tanks
id_00000125,Sweaters
id_00000126,Sweatshirts_Hoodies
id_00000127,Dresses
id_00000128,Shorts
id_00000129,Blouses_Shirts
id_00000130,Tees_Tanks
id_00000131,Blouses_Shirts
id_00000132,Blouses_Shirts
id_00000133,Tees_Tanks
id_00000134,Dresses
id_00000135,Tees_Tanks
id_00000136,Tees_Tanks
id_00000137,Rompers_Jumpsuits
id_00000138,Graphic_Tees
id_00000139,Sweatshirts_Hoodies
id_00000140,Tees_Tanks
id_00000141,Dresses
id_00000142,Tees_Tanks
id_00000143,Pants
id_00000144,Shorts
id_00000145,Sweaters
id_00000146,Sweatshirts_Hoodies
id_00000147,Leggings
id_00000148,Shorts
id_00000149,Tees_Tanks
id_00000150,Sweatshirts_Hoodies
id_00000151,Sweaters
id_00000152,Denim
id_00000153,Jackets_Coats
id_00000154,Tees_Tanks
id_00000155,Blouses_Shirts
id_00000156,Shorts
id_00000157,Jackets_Coats
id_00000158,Tees_Tanks
id_00000159,Tees_Tanks
id_00000160,Sweaters
id_00000161,Tees_Tanks
id_00000162,Denim
id_00000163,Jackets_Coats
id_00000164,Blouses_Shirts
id_00000165,Blouses_Shirts
id_00000166,Tees_Tanks
id_00000167,Shirts_Polos
id_00000168,Jackets_Vests
id_00000169,Dresses
id_00000170,Dresses
id_00000171,Blouses_Shirts
id_00000172,Blouses_Shirts
id_00000173,Dresses
id_00000174,Graphic_Tees
id_00000175,Tees_Tanks
id_00000176,Shorts
id_00000177,Sweatshirts_Hoodies
id_00000178,Dresses
id_00000179,Blouses_Shirts
id_00000180,Rompers_Jumpsuits
id_00000181,Jackets_Coats
id_00000182,Denim
id_00000183,Blouses_Shirts
id_00000184,Tees_Tanks
id_00000185,Tees_Tanks
id_00000186,Jackets_Coats
id_00000187,Jackets_Coats
id_00000188,Dresses
id_00000189,Dresses
id_00000190,Blouses_Shirts
id_00000191,Dresses
id_00000192,Sweaters
id_00000193,Shirts_Polos
id_00000194,Denim
id_00000195,Graphic_Tees
id_00000196,Tees_Tanks
id_00000197,Tees_Tanks
id_00000198,Tees_Tanks
id_00000199,Tees_Tanks
id_00000200,Skirts
id_00000201,Dresses
id_00000202,Dresses
id_00000203,Dresses
id_00000204,Shirts_Polos
id_00000205,Graphic_Tees
id_00000206,Blouses_Shirts
id_00000207,Blouses_Shirts
id_00000208,Jackets_Coats
id_00000209,Sweaters
id_00000210,Sweatshirts_Hoodies
id_00000211,Graphic_Tees
id_00000212,Tees_Tanks
id_00000213,Pants
id_00000214,Shorts
id_00000215,Pants
id_00000216,Shorts
id_00000217,Cardigans
id_00000218,Blouses_Shirts
id_00000219,Tees_Tanks
id_00000220,Tees_Tanks
id_00000221,Tees_Tanks
id_00000222,Tees_Tanks
id_00000223,Tees_Tanks
id_00000224,Dresses
id_00000225,Leggings
id_00000226,Shirts_Polos
id_00000227,Dresses
id_00000228,Blouses_Shirts
id_00000229,Dresses
id_00000230,Blouses_Shirts
id_00000231,Blouses_Shirts
id_00000232,Blouses_Shirts
id_00000233,Dresses
id_00000234,Leggings
id_00000235,Blouses_Shirts
id_00000236,Tees_Tanks
id_00000237,Blouses_Shirts
id_00000238,Dresses
id_00000239,Blouses_Shirts
id_00000240,Shirts_Polos
id_00000241,Graphic_Tees
id_00000242,Tees_Tanks
id_00000243,Blouses_Shirts
id_00000244,Dresses
id_00000245,Rompers_Jumpsuits
id_00000246,Sweatshirts_Hoodies
id_00000247,Sweatshirts_Hoodies
id_00000248,Tees_Tanks
id_00000249,Graphic_Tees
id_00000250,Dresses
id_00000251,Shorts
id_00000252,Tees_Tanks
id_00000253,Graphic_Tees
id_00000254,Shorts
id_00000255,Blouses_Shirts
id_00000256,Pants
id_00000257,Tees_Tanks
id_00000258,Sweaters
id_00000259,Blouses_Shirts
id_00000260,Jackets_Coats
id_00000261,Jackets_Coats
id_00000262,Tees_Tanks
id_00000263,Cardigans
id_00000264,Jackets_Coats
id_00000265,Denim
id_00000266,Tees_Tanks
id_00000267,Jackets_Coats
id_00000268,Rompers_Jumpsuits
id_00000269,Dresses
id_00000271,Blouses_Shirts
id_00000272,Blouses_Shirts
id_00000273,Pants
id_00000274,Denim
id_00000275,Blouses_Shirts
id_00000276,Tees_Tanks
id_00000277,Dresses
id_00000278,Tees_Tanks
id_00000279,Graphic_Tees
id_00000280,Dresses
id_00000281,Dresses
id_00000282,Dresses
id_00000283,Blouses_Shirts
id_00000284,Cardigans
id_00000285,Tees_Tanks
id_00000286,Leggings
id_00000287,Dresses
id_00000288,Tees_Tanks
id_00000289,Sweaters
id_00000290,Pants
id_00000291,Sweaters
id_00000292,Cardigans
id_00000293,Dresses
id_00000294,Tees_Tanks
id_00000295,Tees_Tanks
id_00000296,Tees_Tanks
id_00000297,Tees_Tanks
id_00000298,Jackets_Coats
id_00000299,Graphic_Tees
id_00000300,Dresses
id_00000301,Dresses
id_00000302,Dresses
id_00000303,Sweaters
id_00000304,Tees_Tanks
id_00000305,Tees_Tanks
id_00000306,Blouses_Shirts
id_00000307,Blouses_Shirts
id_00000308,Shorts
id_00000309,Blouses_Shirts
id_00000310,Jackets_Coats
id_00000311,Blouses_Shirts
id_00000312,Tees_Tanks
id_00000313,Denim
id_00000314,Rompers_Jumpsuits
id_00000315,Pants
id_00000316,Tees_Tanks
id_00000317,Leggings
id_00000318,Rompers_Jumpsuits
id_00000319,Sweatshirts_Hoodies
id_00000320,Cardigans
id_00000321,Sweaters
id_00000322,Shorts
id_00000323,Tees_Tanks
id_00000324,Jackets_Coats
id_00000325,Shorts
id_00000326,Shorts
id_00000327,Tees_Tanks
id_00000328,Skirts
id_00000329,Tees_Tanks
id_00000330,Tees_Tanks
id_00000331,Tees_Tanks
id_00000332,Sweatshirts_Hoodies
id_00000333,Blouses_Shirts
id_00000334,Skirts
id_00000335,Blouses_Shirts
id_00000336,Tees_Tanks
id_00000337,Shorts
id_00000338,Pants
id_00000339,Tees_Tanks
id_00000340,Tees_Tanks
id_00000341,Graphic_Tees
id_00000342,Sweaters
id_00000343,Tees_Tanks
id_00000344,Rompers_Jumpsuits
id_00000345,Tees_Tanks
id_00000346,Graphic_Tees
id_00000347,Shorts
id_00000348,Dresses
id_00000349,Tees_Tanks
id_00000350,Blouses_Shirts
id_00000351,Blouses_Shirts
id_00000352,Pants
id_00000353,Denim
id_00000354,Blouses_Shirts
id_00000355,Blouses_Shirts
id_00000356,Jackets_Coats
id_00000357,Cardigans
id_00000358,Tees_Tanks
id_00000359,Tees_Tanks
id_00000360,Denim
id_00000361,Denim
id_00000362,Tees_Tanks
id_00000363,Tees_Tanks
id_00000364,Blouses_Shirts
id_00000365,Tees_Tanks
id_00000366,Blouses_Shirts
id_00000367,Blouses_Shirts
id_00000368,Tees_Tanks
id_00000369,Blouses_Shirts
id_00000370,Tees_Tanks
id_00000371,Tees_Tanks
id_00000372,Dresses
id_00000373,Rompers_Jumpsuits
id_00000374,Dresses
id_00000375,Pants
id_00000376,Blouses_Shirts
id_00000377,Blouses_Shirts
id_00000378,Dresses
id_00000379,Tees_Tanks
id_00000380,Blouses_Shirts
id_00000381,Dresses
id_00000382,Shorts
id_00000383,Shorts
id_00000384,Tees_Tanks
id_00000385,Sweatshirts_Hoodies
id_00000386,Dresses
id_00000387,Blouses_Shirts
id_00000388,Dresses
id_00000389,Tees_Tanks
id_00000390,Tees_Tanks
id_00000391,Dresses
id_00000392,Blouses_Shirts
id_00000393,Jackets_Vests
id_00000394,Pants
id_00000395,Blouses_Shirts
id_00000396,Sweaters
id_00000397,Blouses_Shirts
id_00000398,Rompers_Jumpsuits
id_00000399,Dresses
id_00000400,Blouses_Shirts
id_00000401,Tees_Tanks
id_00000402,Blouses_Shirts
id_00000403,Dresses
id_00000404,Dresses
id_00000405,Blouses_Shirts
id_00000406,Graphic_Tees
id_00000407,Tees_Tanks
id_00000408,Tees_Tanks
id_00000409,Tees_Tanks
id_00000410,Blouses_Shirts
id_00000411,Dresses
id_00000412,Tees_Tanks
id_00000413,Tees_Tanks
id_00000414,Blouses_Shirts
id_00000415,Sweaters
id_00000416,Dresses
id_00000417,Rompers_Jumpsuits
id_00000418,Dresses
id_00000419,Rompers_Jumpsuits
id_00000420,Graphic_Tees
id_00000421,Tees_Tanks
id_00000422,Dresses
id_00000423,Jackets_Coats
id_00000424,Shorts
id_00000425,Cardigans
id_00000426,Dresses
id_00000427,Sweatshirts_Hoodies
id_00000428,Sweatshirts_Hoodies
id_00000429,Blouses_Shirts
id_00000430,Tees_Tanks
id_00000431,Shorts
id_00000432,Pants
id_00000433,Blouses_Shirts
id_00000434,Tees_Tanks
id_00000435,Jackets_Coats
id_00000436,Dresses
id_00000437,Leggings
id_00000438,Blouses_Shirts
id_00000439,Skirts
id_00000440,Skirts
id_00000441,Rompers_Jumpsuits
id_00000442,Blouses_Shirts
id_00000443,Blouses_Shirts
id_00000444,Denim
id_00000445,Blouses_Shirts
id_00000446,Tees_Tanks
id_00000447,Denim
id_00000448,Blouses_Shirts
id_00000449,Graphic_Tees
id_00000450,Cardigans
id_00000451,Blouses_Shirts
id_00000452,Jackets_Coats
id_00000453,Blouses_Shirts
id_00000454,Graphic_Tees
id_00000455,Dresses
id_00000456,Shorts
id_00000457,Rompers_Jumpsuits
id_00000458,Sweaters
id_00000459,Tees_Tanks
id_00000460,Pants
id_00000461,Sweaters
id_00000462,Blouses_Shirts
id_00000463,Tees_Tanks
id_00000464,Cardigans
id_00000465,Shorts
id_00000466,Shorts
id_00000467,Skirts
id_00000468,Blouses_Shirts
id_00000469,Sweatshirts_Hoodies
id_00000470,Pants
id_00000471,Sweaters
id_00000472,Dresses
id_00000473,Tees_Tanks
id_00000474,Jackets_Coats
id_00000475,Jackets_Coats
id_00000476,Dresses
id_00000477,Sweatshirts_Hoodies
id_00000478,Pants
id_00000479,Blouses_Shirts
id_00000480,Dresses
id_00000481,Dresses
id_00000482,Pants
id_00000483,Rompers_Jumpsuits
id_00000484,Tees_Tanks
id_00000485,Cardigans
id_00000486,Blouses_Shirts
id_00000487,Blouses_Shirts
id_00000488,Tees_Tanks
id_00000489,Shorts
id_00000490,Tees_Tanks
id_00000491,Blouses_Shirts
id_00000492,Dresses
id_00000493,Tees_Tanks
id_00000494,Pants
id_00000495,Cardigans
id_00000496,Blouses_Shirts
id_00000497,Blouses_Shirts
id_00000498,Tees_Tanks
id_00000499,Pants
id_00000500,Skirts
id_00000501,Blouses_Shirts
id_00000502,Dresses
id_00000503,Tees_Tanks
id_00000504,Graphic_Tees
id_00000505,Tees_Tanks
id_00000506,Blouses_Shirts
id_00000507,Blouses_Shirts
id_00000508,Tees_Tanks
id_00000509,Sweaters
id_00000510,Blouses_Shirts
id_00000511,Tees_Tanks
id_00000512,Tees_Tanks
id_00000513,Blouses_Shirts
id_00000514,Blouses_Shirts
id_00000515,Jackets_Coats
id_00000516,Denim
id_00000517,Jackets_Coats
id_00000518,Graphic_Tees
id_00000519,Rompers_Jumpsuits
id_00000520,Sweaters
id_00000521,Cardigans
id_00000522,Shorts
id_00000523,Dresses
id_00000524,Shorts
id_00000525,Skirts
id_00000526,Shorts
id_00000527,Tees_Tanks
id_00000528,Blouses_Shirts
id_00000529,Sweaters
id_00000530,Blouses_Shirts
id_00000531,Sweaters
id_00000532,Tees_Tanks
id_00000533,Sweaters
id_00000534,Dresses
id_00000535,Tees_Tanks
id_00000536,Tees_Tanks
id_00000537,Dresses
id_00000538,Dresses
id_00000539,Blouses_Shirts
id_00000540,Skirts
id_00000541,Shirts_Polos
id_00000542,Blouses_Shirts
id_00000543,Shorts
id_00000544,Tees_Tanks
id_00000545,Skirts
id_00000546,Leggings
id_00000547,Dresses
id_00000548,Cardigans
id_00000549,Cardigans
id_00000550,Tees_Tanks
id_00000551,Blouses_Shirts
id_00000552,Tees_Tanks
id_00000553,Graphic_Tees
id_00000554,Rompers_Jumpsuits
id_00000555,Blouses_Shirts
id_00000556,Blouses_Shirts
id_00000557,Skirts
id_00000558,Tees_Tanks
id_00000559,Cardigans
id_00000560,Tees_Tanks
id_00000561,Tees_Tanks
id_00000562,Shirts_Polos
id_00000563,Jackets_Coats
id_00000564,Jackets_Coats
id_00000565,Denim
id_00000566,Shorts
id_00000567,Blouses_Shirts
id_00000568,Tees_Tanks
id_00000569,Dresses
id_00000570,Tees_Tanks
id_00000571,Pants
id_00000572,Tees_Tanks
id_00000573,Tees_Tanks
id_00000574,Tees_Tanks
id_00000575,Rompers_Jumpsuits
id_00000576,Shorts
id_00000577,Shorts
id_00000578,Dresses
id_00000579,Tees_Tanks
id_00000580,Shorts
id_00000581,Blouses_Shirts
id_00000582,Shorts
id_00000583,Dresses
id_00000584,Rompers_Jumpsuits
id_00000585,Dresses
id_00000586,Skirts
id_00000587,Cardigans
id_00000588,Blouses_Shirts
id_00000589,Dresses
id_00000590,Jackets_Coats
id_00000591,Graphic_Tees
id_00000592,Blouses_Shirts
id_00000593,Jackets_Coats
id_00000594,Dresses
id_00000595,Skirts
id_00000596,Shorts
id_00000597,Shorts
id_00000598,Dresses
id_00000599,Tees_Tanks
id_00000600,Tees_Tanks
id_00000601,Dresses
id_00000602,Tees_Tanks
id_00000603,Tees_Tanks
id_00000604,Dresses
id_00000605,Blouses_Shirts
id_00000606,Dresses
id_00000607,Sweaters
id_00000608,Tees_Tanks
id_00000609,Dresses
id_00000610,Dresses
id_00000611,Skirts
id_00000612,Sweatshirts_Hoodies
id_00000613,Cardigans
id_00000614,Tees_Tanks
id_00000615,Tees_Tanks
id_00000616,Jackets_Coats
id_00000617,Rompers_Jumpsuits
id_00000618,Rompers_Jumpsuits
id_00000619,Tees_Tanks
id_00000620,Tees_Tanks
id_00000621,Dresses
id_00000622,Tees_Tanks
id_00000623,Blouses_Shirts
id_00000624,Denim
id_00000625,Shorts
id_00000626,Blouses_Shirts
id_00000627,Jackets_Coats
id_00000628,Sweaters
id_00000629,Skirts
id_00000630,Blouses_Shirts
id_00000631,Skirts
id_00000632,Shirts_Polos
id_00000633,Shorts
id_00000634,Blouses_Shirts
id_00000635,Jackets_Coats
id_00000636,Dresses
id_00000637,Blouses_Shirts
id_00000638,Shorts
id_00000639,Graphic_Tees
id_00000640,Shorts
id_00000641,Dresses
id_00000642,Tees_Tanks
id_00000643,Dresses
id_00000644,Skirts
id_00000645,Dresses
id_00000646,Pants
id_00000647,Leggings
id_00000648,Leggings
id_00000649,Sweaters
id_00000650,Sweaters
id_00000651,Dresses
id_00000652,Blouses_Shirts
id_00000653,Jackets_Vests
id_00000654,Pants
id_00000655,Shorts
id_00000656,Sweaters
id_00000657,Denim
id_00000658,Rompers_Jumpsuits
id_00000659,Graphic_Tees
id_00000660,Tees_Tanks
id_00000661,Sweaters
id_00000662,Dresses
id_00000663,Rompers_Jumpsuits
id_00000664,Cardigans
id_00000665,Tees_Tanks
id_00000666,Blouses_Shirts
id_00000667,Tees_Tanks
id_00000668,Rompers_Jumpsuits
id_00000669,Blouses_Shirts
id_00000670,Skirts
id_00000671,Blouses_Shirts
id_00000672,Dresses
id_00000673,Dresses
id_00000674,Dresses
id_00000675,Blouses_Shirts
id_00000676,Tees_Tanks
id_00000677,Rompers_Jumpsuits
id_00000678,Blouses_Shirts
id_00000679,Sweatshirts_Hoodies
id_00000680,Dresses
id_00000681,Shorts
id_00000682,Leggings
id_00000683,Sweaters
id_00000684,Skirts
id_00000685,Dresses
id_00000686,Sweaters
id_00000687,Sweaters
id_00000688,Sweaters
id_00000689,Sweatshirts_Hoodies
id_00000690,Shorts
id_00000691,Dresses
id_00000692,Blouses_Shirts
id_00000693,Blouses_Shirts
id_00000694,Sweaters
id_00000695,Blouses_Shirts
id_00000696,Tees_Tanks
id_00000697,Shorts
id_00000698,Jackets_Coats
id_00000699,Skirts
id_00000700,Dresses
id_00000701,Tees_Tanks
id_00000702,Sweaters
id_00000703,Blouses_Shirts
id_00000704,Tees_Tanks
id_00000705,Tees_Tanks
id_00000706,Jackets_Coats
id_00000707,Shorts
id_00000708,Jackets_Coats
id_00000709,Cardigans
id_00000710,Cardigans
id_00000711,Shirts_Polos
id_00000712,Shirts_Polos
id_00000713,Blouses_Shirts
id_00000714,Tees_Tanks
id_00000715,Tees_Tanks
id_00000716,Jackets_Vests
id_00000717,Tees_Tanks
id_00000718,Blouses_Shirts
id_00000719,Tees_Tanks
id_00000720,Blouses_Shirts
id_00000721,Blouses_Shirts
id_00000722,Shorts
id_00000723,Blouses_Shirts
id_00000724,Graphic_Tees
id_00000725,Dresses
id_00000726,Sweatshirts_Hoodies
id_00000727,Blouses_Shirts
id_00000728,Tees_Tanks
id_00000729,Tees_Tanks
id_00000730,Pants
id_00000731,Dresses
id_00000732,Rompers_Jumpsuits
id_00000733,Graphic_Tees
id_00000734,Pants
id_00000735,Tees_Tanks
id_00000736,Tees_Tanks
id_00000737,Blouses_Shirts
id_00000738,Tees_Tanks
id_00000739,Sweaters
id_00000740,Blouses_Shirts
id_00000741,Denim
id_00000742,Dresses
id_00000743,Skirts
id_00000744,Tees_Tanks
id_00000745,Sweaters
id_00000746,Sweatshirts_Hoodies
id_00000747,Dresses
id_00000748,Shorts
id_00000749,Dresses
id_00000750,Denim
id_00000751,Blouses_Shirts
id_00000752,Tees_Tanks
id_00000753,Dresses
id_00000754,Sweaters
id_00000755,Tees_Tanks
id_00000756,Sweatshirts_Hoodies
id_00000757,Skirts
id_00000758,Blouses_Shirts
id_00000759,Dresses
id_00000760,Sweaters
id_00000761,Shorts
id_00000762,Jackets_Coats
id_00000763,Jackets_Vests
id_00000764,Jackets_Coats
id_00000765,Denim
id_00000766,Tees_Tanks
id_00000767,Sweaters
id_00000768,Tees_Tanks
id_00000769,Graphic_Tees
id_00000770,Dresses
id_00000771,Tees_Tanks
id_00000772,Rompers_Jumpsuits
id_00000773,Rompers_Jumpsuits
id_00000774,Blouses_Shirts
id_00000775,Sweatshirts_Hoodies
id_00000776,Rompers_Jumpsuits
id_00000777,Sweaters
id_00000778,Tees_Tanks
id_00000779,Sweaters
id_00000780,Sweaters
id_00000781,Blouses_Shirts
id_00000782,Tees_Tanks
id_00000783,Shirts_Polos
id_00000784,Dresses
id_00000785,Pants
id_00000786,Blouses_Shirts
id_00000787,Dresses
id_00000788,Cardigans
id_00000789,Tees_Tanks
id_00000790,Tees_Tanks
id_00000791,Dresses
id_00000792,Dresses
id_00000793,Dresses
id_00000794,Blouses_Shirts
id_00000795,Dresses
id_00000796,Graphic_Tees
id_00000797,Blouses_Shirts
id_00000798,Tees_Tanks
id_00000799,Tees_Tanks
id_00000800,Dresses
id_00000801,Graphic_Tees
id_00000803,Dresses
id_00000804,Cardigans
id_00000805,Shorts
id_00000806,Blouses_Shirts
id_00000807,Blouses_Shirts
id_00000808,Blouses_Shirts
id_00000809,Tees_Tanks
id_00000810,Denim
id_00000811,Dresses
id_00000812,Shorts
id_00000813,Tees_Tanks
id_00000814,Blouses_Shirts
id_00000815,Dresses
id_00000816,Shorts
id_00000817,Tees_Tanks
id_00000818,Dresses
id_00000819,Dresses
id_00000820,Rompers_Jumpsuits
id_00000821,Sweaters
id_00000822,Tees_Tanks
id_00000823,Dresses
id_00000824,Tees_Tanks
id_00000825,Dresses
id_00000826,Denim
id_00000827,Tees_Tanks
id_00000828,Rompers_Jumpsuits
id_00000829,Tees_Tanks
id_00000830,Jackets_Coats
id_00000831,Tees_Tanks
id_00000832,Sweaters
id_00000833,Cardigans
id_00000834,Tees_Tanks
id_00000835,Tees_Tanks
id_00000836,Pants
id_00000837,Dresses
id_00000838,Dresses
id_00000839,Tees_Tanks
id_00000840,Sweaters
id_00000841,Tees_Tanks
id_00000842,Jackets_Coats
id_00000843,Tees_Tanks
id_00000844,Pants
id_00000845,Cardigans
id_00000846,Shirts_Polos
id_00000847,Shorts
id_00000848,Tees_Tanks
id_00000849,Dresses
id_00000850,Sweaters
id_00000851,Graphic_Tees
id_00000852,Dresses
id_00000853,Cardigans
id_00000854,Tees_Tanks
id_00000855,Shorts
id_00000856,Blouses_Shirts
id_00000857,Dresses
id_00000858,Dresses
id_00000859,Sweaters
id_00000860,Sweaters
id_00000861,Sweaters
id_00000862,Sweaters
id_00000863,Graphic_Tees
id_00000864,Dresses
id_00000865,Sweaters
id_00000866,Dresses
id_00000867,Denim
id_00000868,Rompers_Jumpsuits
id_00000869,Shorts
id_00000870,Sweaters
id_00000871,Tees_Tanks
id_00000872,Dresses
id_00000873,Dresses
id_00000874,Cardigans
id_00000875,Shorts
id_00000876,Blouses_Shirts
id_00000877,Sweaters
id_00000878,Pants
id_00000879,Blouses_Shirts
id_00000880,Dresses
id_00000881,Sweatshirts_Hoodies
id_00000882,Tees_Tanks
id_00000883,Rompers_Jumpsuits
id_00000884,Tees_Tanks
id_00000885,Shorts
id_00000886,Rompers_Jumpsuits
id_00000887,Pants
id_00000888,Sweaters
id_00000889,Tees_Tanks
id_00000890,Blouses_Shirts
id_00000891,Rompers_Jumpsuits
id_00000892,Leggings
id_00000893,Pants
id_00000894,Pants
id_00000895,Cardigans
id_00000896,Blouses_Shirts
id_00000897,Tees_Tanks
id_00000898,Shirts_Polos
id_00000899,Cardigans
id_00000900,Sweaters
id_00000901,Dresses
id_00000902,Skirts
id_00000903,Dresses
id_00000904,Tees_Tanks
id_00000905,Tees_Tanks
id_00000906,Blouses_Shirts
id_00000907,Tees_Tanks
id_00000908,Pants
id_00000909,Cardigans
id_00000910,Pants
id_00000911,Sweatshirts_Hoodies
id_00000912,Dresses
id_00000913,Shorts
id_00000914,Tees_Tanks
id_00000915,Blouses_Shirts
id_00000916,Tees_Tanks
id_00000917,Graphic_Tees
id_00000918,Tees_Tanks
id_00000919,Shorts
id_00000920,Cardigans
id_00000921,Pants
id_00000922,Blouses_Shirts
id_00000923,Shorts
id_00000924,Dresses
id_00000925,Shirts_Polos
id_00000926,Sweaters
id_00000927,Blouses_Shirts
id_00000928,Sweatshirts_Hoodies
id_00000929,Sweaters
id_00000930,Dresses
id_00000931,Shorts
id_00000933,Graphic_Tees
id_00000934,Graphic_Tees
id_00000935,Sweaters
id_00000936,Tees_Tanks
id_00000937,Graphic_Tees
id_00000938,Denim
id_00000939,Dresses
id_00000940,Shorts
id_00000941,Blouses_Shirts
id_00000942,Shorts
id_00000943,Blouses_Shirts
id_00000944,Shorts
id_00000945,Sweatshirts_Hoodies
id_00000946,Jackets_Vests
id_00000947,Blouses_Shirts
id_00000948,Blouses_Shirts
id_00000949,Dresses
id_00000950,Blouses_Shirts
id_00000951,Blouses_Shirts
id_00000952,Sweatshirts_Hoodies
id_00000953,Dresses
id_00000954,Pants
id_00000955,Tees_Tanks
id_00000956,Shorts
id_00000957,Rompers_Jumpsuits
id_00000958,Sweaters
id_00000959,Graphic_Tees
id_00000960,Tees_Tanks
id_00000961,Tees_Tanks
id_00000962,Tees_Tanks
id_00000963,Blouses_Shirts
id_00000964,Sweaters
id_00000965,Tees_Tanks
id_00000966,Tees_Tanks
id_00000967,Shorts
id_00000968,Tees_Tanks
id_00000969,Tees_Tanks
id_00000970,Blouses_Shirts
id_00000971,Sweatshirts_Hoodies
id_00000972,Dresses
id_00000973,Jackets_Coats
id_00000974,Tees_Tanks
id_00000975,Tees_Tanks
id_00000976,Skirts
id_00000977,Sweaters
id_00000978,Sweatshirts_Hoodies
id_00000979,Tees_Tanks
id_00000980,Rompers_Jumpsuits
id_00000981,Sweaters
id_00000982,Blouses_Shirts
id_00000983,Dresses
id_00000984,Blouses_Shirts
id_00000985,Graphic_Tees
id_00000986,Sweatshirts_Hoodies
id_00000987,Shorts
id_00000988,Leggings
id_00000989,Shorts
id_00000990,Tees_Tanks
id_00000991,Shorts
id_00000992,Skirts
id_00000993,Blouses_Shirts
id_00000994,Blouses_Shirts
id_00000995,Dresses
id_00000996,Tees_Tanks
id_00000997,Blouses_Shirts
id_00000998,Blouses_Shirts
id_00000999,Graphic_Tees
id_00001000,Dresses
id_00001001,Dresses
id_00001002,Dresses
id_00001003,Jackets_Coats
id_00001004,Rompers_Jumpsuits
id_00001005,Shirts_Polos
id_00001006,Dresses
id_00001007,Dresses
id_00001008,Sweaters
id_00001009,Tees_Tanks
id_00001010,Tees_Tanks
id_00001011,Tees_Tanks
id_00001012,Shorts
id_00001013,Tees_Tanks
id_00001014,Blouses_Shirts
id_00001015,Shorts
id_00001016,Blouses_Shirts
id_00001017,Pants
id_00001018,Blouses_Shirts
id_00001019,Sweaters
id_00001020,Blouses_Shirts
id_00001021,Tees_Tanks
id_00001022,Tees_Tanks
id_00001023,Rompers_Jumpsuits
id_00001024,Tees_Tanks
id_00001025,Tees_Tanks
id_00001026,Tees_Tanks
id_00001027,Tees_Tanks
id_00001028,Tees_Tanks
id_00001029,Dresses
id_00001030,Blouses_Shirts
id_00001031,Dresses
id_00001032,Leggings
id_00001033,Blouses_Shirts
id_00001034,Tees_Tanks
id_00001035,Blouses_Shirts
id_00001036,Shorts
id_00001037,Tees_Tanks
id_00001038,Rompers_Jumpsuits
id_00001039,Jackets_Coats
id_00001040,Jackets_Coats
id_00001041,Tees_Tanks
id_00001042,Sweatshirts_Hoodies
id_00001043,Tees_Tanks
id_00001044,Tees_Tanks
id_00001045,Rompers_Jumpsuits
id_00001046,Cardigans
id_00001047,Blouses_Shirts
id_00001048,Tees_Tanks
id_00001049,Tees_Tanks
id_00001050,Dresses
id_00001051,Blouses_Shirts
id_00001052,Cardigans
id_00001053,Jackets_Coats
id_00001054,Dresses
id_00001055,Shirts_Polos
id_00001056,Tees_Tanks
id_00001057,Blouses_Shirts
id_00001058,Pants
id_00001059,Tees_Tanks
id_00001060,Dresses
id_00001061,Blouses_Shirts
id_00001062,Sweaters
id_00001063,Leggings
id_00001064,Dresses
id_00001065,Skirts
id_00001066,Tees_Tanks
id_00001067,Graphic_Tees
id_00001068,Rompers_Jumpsuits
id_00001069,Jackets_Coats
id_00001070,Graphic_Tees
id_00001071,Tees_Tanks
id_00001072,Blouses_Shirts
id_00001073,Jackets_Coats
id_00001074,Pants
id_00001075,Jackets_Coats
id_00001076,Dresses
id_00001077,Tees_Tanks
id_00001078,Blouses_Shirts
id_00001079,Blouses_Shirts
id_00001080,Tees_Tanks
id_00001081,Shorts
id_00001082,Shorts
id_00001083,Blouses_Shirts
id_00001084,Blouses_Shirts
id_00001085,Dresses
id_00001086,Blouses_Shirts
id_00001087,Cardigans
id_00001088,Sweaters
id_00001089,Dresses
id_00001090,Blouses_Shirts
id_00001091,Blouses_Shirts
id_00001092,Pants
id_00001093,Blouses_Shirts
id_00001094,Blouses_Shirts
id_00001095,Blouses_Shirts
id_00001096,Sweatshirts_Hoodies
id_00001098,Pants
id_00001099,Denim
id_00001100,Dresses
id_00001101,Tees_Tanks
id_00001102,Blouses_Shirts
id_00001103,Shorts
id_00001104,Pants
id_00001105,Pants
id_00001106,Sweaters
id_00001107,Dresses
id_00001108,Shorts
id_00001109,Shorts
id_00001110,Rompers_Jumpsuits
id_00001111,Tees_Tanks
id_00001112,Skirts
id_00001113,Tees_Tanks
id_00001114,Blouses_Shirts
id_00001115,Blouses_Shirts
id_00001116,Sweatshirts_Hoodies
id_00001117,Rompers_Jumpsuits
id_00001118,Dresses
id_00001119,Dresses
id_00001120,Blouses_Shirts
id_00001121,Tees_Tanks
id_00001122,Dresses
id_00001123,Sweaters
id_00001124,Dresses
id_00001125,Denim
id_00001126,Rompers_Jumpsuits
id_00001127,Sweaters
id_00001128,Rompers_Jumpsuits
id_00001129,Blouses_Shirts
id_00001130,Tees_Tanks
id_00001131,Blouses_Shirts
id_00001132,Graphic_Tees
id_00001133,Dresses
id_00001134,Tees_Tanks
id_00001135,Blouses_Shirts
id_00001136,Jackets_Coats
id_00001137,Tees_Tanks
id_00001138,Shirts_Polos
id_00001139,Dresses
id_00001140,Jackets_Coats
id_00001141,Dresses
id_00001142,Sweatshirts_Hoodies
id_00001143,Graphic_Tees
id_00001144,Sweatshirts_Hoodies
id_00001145,Sweaters
id_00001146,Pants
id_00001147,Jackets_Coats
id_00001148,Dresses
id_00001149,Dresses
id_00001150,Cardigans
id_00001151,Blouses_Shirts
id_00001152,Skirts
id_00001153,Sweaters
id_00001154,Dresses
id_00001155,Tees_Tanks
id_00001156,Dresses
id_00001157,Skirts
id_00001158,Shorts
id_00001159,Cardigans
id_00001160,Blouses_Shirts
id_00001161,Skirts
id_00001162,Dresses
id_00001163,Graphic_Tees
id_00001164,Dresses
id_00001165,Blouses_Shirts
id_00001166,Blouses_Shirts
id_00001167,Pants
id_00001168,Graphic_Tees
id_00001169,Tees_Tanks
id_00001170,Blouses_Shirts
id_00001171,Blouses_Shirts
id_00001172,Blouses_Shirts
id_00001173,Shorts
id_00001174,Shorts
id_00001175,Blouses_Shirts
id_00001176,Graphic_Tees
id_00001177,Tees_Tanks
id_00001178,Tees_Tanks
id_00001179,Graphic_Tees
id_00001180,Blouses_Shirts
id_00001181,Graphic_Tees
id_00001182,Graphic_Tees
id_00001183,Shorts
id_00001184,Shirts_Polos
id_00001185,Graphic_Tees
id_00001186,Shorts
id_00001187,Skirts
id_00001188,Blouses_Shirts
id_00001189,Shorts
id_00001190,Cardigans
id_00001191,Blouses_Shirts
id_00001192,Dresses
id_00001193,Tees_Tanks
id_00001194,Blouses_Shirts
id_00001195,Jackets_Coats
id_00001196,Blouses_Shirts
id_00001197,Dresses
id_00001198,Denim
id_00001199,Blouses_Shirts
id_00001200,Blouses_Shirts
id_00001201,Skirts
id_00001202,Sweaters
id_00001203,Tees_Tanks
id_00001204,Dresses
id_00001205,Cardigans
id_00001206,Cardigans
id_00001207,Pants
id_00001208,Skirts
id_00001209,Cardigans
id_00001210,Sweaters
id_00001211,Rompers_Jumpsuits
id_00001212,Tees_Tanks
id_00001213,Tees_Tanks
id_00001214,Blouses_Shirts
id_00001215,Blouses_Shirts
id_00001216,Blouses_Shirts
id_00001217,Blouses_Shirts
id_00001218,Dresses
id_00001219,Blouses_Shirts
id_00001220,Tees_Tanks
id_00001221,Shorts
id_00001222,Tees_Tanks
id_00001223,Denim
id_00001224,Blouses_Shirts
id_00001225,Graphic_Tees
id_00001226,Jackets_Coats
id_00001227,Pants
id_00001228,Sweatshirts_Hoodies
id_00001229,Cardigans
id_00001230,Graphic_Tees
id_00001231,Denim
id_00001232,Skirts
id_00001233,Blouses_Shirts
id_00001234,Blouses_Shirts
id_00001235,Shorts
id_00001236,Pants
id_00001237,Skirts
id_00001238,Sweatshirts_Hoodies
id_00001239,Tees_Tanks
id_00001240,Graphic_Tees
id_00001241,Blouses_Shirts
id_00001242,Blouses_Shirts
id_00001243,Pants
id_00001244,Sweaters
id_00001245,Rompers_Jumpsuits
id_00001246,Shorts
id_00001247,Jackets_Coats
id_00001248,Denim
id_00001249,Sweatshirts_Hoodies
id_00001250,Jackets_Coats
id_00001251,Dresses
id_00001252,Tees_Tanks
id_00001253,Tees_Tanks
id_00001254,Sweatshirts_Hoodies
id_00001255,Sweaters
id_00001256,Leggings
id_00001257,Graphic_Tees
id_00001258,Tees_Tanks
id_00001259,Blouses_Shirts
id_00001260,Tees_Tanks
id_00001261,Pants
id_00001262,Sweaters
id_00001263,Graphic_Tees
id_00001264,Tees_Tanks
id_00001265,Sweaters
id_00001266,Sweaters
id_00001267,Dresses
id_00001268,Tees_Tanks
id_00001269,Blouses_Shirts
id_00001270,Blouses_Shirts
id_00001271,Tees_Tanks
id_00001272,Pants
id_00001273,Cardigans
id_00001274,Skirts
id_00001275,Denim
id_00001276,Tees_Tanks
id_00001277,Tees_Tanks
id_00001278,Blouses_Shirts
id_00001279,Denim
id_00001280,Blouses_Shirts
id_00001281,Shorts
id_00001282,Blouses_Shirts
id_00001283,Graphic_Tees
id_00001284,Sweaters
id_00001285,Cardigans
id_00001286,Dresses
id_00001287,Pants
id_00001288,Dresses
id_00001289,Blouses_Shirts
id_00001290,Tees_Tanks
id_00001291,Jackets_Vests
id_00001292,Pants
id_00001293,Pants
id_00001294,Tees_Tanks
id_00001295,Rompers_Jumpsuits
id_00001296,Shorts
id_00001297,Dresses
id_00001298,Tees_Tanks
id_00001299,Blouses_Shirts
id_00001300,Leggings
id_00001301,Blouses_Shirts
id_00001302,Dresses
id_00001303,Dresses
id_00001304,Sweaters
id_00001305,Shorts
id_00001306,Blouses_Shirts
id_00001307,Tees_Tanks
id_00001308,Tees_Tanks
id_00001309,Tees_Tanks
id_00001310,Tees_Tanks
id_00001311,Dresses
id_00001312,Tees_Tanks
id_00001313,Jackets_Coats
id_00001314,Skirts
id_00001315,Sweaters
id_00001316,Graphic_Tees
id_00001317,Shorts
id_00001318,Rompers_Jumpsuits
id_00001319,Tees_Tanks
id_00001320,Pants
id_00001321,Tees_Tanks
id_00001322,Skirts
id_00001323,Dresses
id_00001324,Rompers_Jumpsuits
id_00001325,Blouses_Shirts
id_00001326,Sweatshirts_Hoodies
id_00001327,Blouses_Shirts
id_00001328,Cardigans
id_00001329,Sweaters
id_00001330,Graphic_Tees
id_00001331,Blouses_Shirts
id_00001332,Blouses_Shirts
id_00001333,Skirts
id_00001334,Blouses_Shirts
id_00001335,Cardigans
id_00001336,Graphic_Tees
id_00001337,Shorts
id_00001338,Blouses_Shirts
id_00001339,Blouses_Shirts
id_00001340,Dresses
id_00001341,Rompers_Jumpsuits
id_00001342,Tees_Tanks
id_00001343,Tees_Tanks
id_00001344,Cardigans
id_00001345,Tees_Tanks
id_00001346,Shorts
id_00001347,Jackets_Coats
id_00001348,Tees_Tanks
id_00001349,Shorts
id_00001350,Shorts
id_00001351,Pants
id_00001352,Blouses_Shirts
id_00001353,Jackets_Coats
id_00001354,Shorts
id_00001355,Sweaters
id_00001356,Jackets_Coats
id_00001357,Shorts
id_00001358,Blouses_Shirts
id_00001359,Blouses_Shirts
id_00001360,Tees_Tanks
id_00001361,Shorts
id_00001362,Dresses
id_00001363,Dresses
id_00001364,Blouses_Shirts
id_00001365,Shorts
id_00001366,Shirts_Polos
id_00001367,Denim
id_00001368,Tees_Tanks
id_00001369,Cardigans
id_00001370,Dresses
id_00001371,Blouses_Shirts
id_00001372,Pants
id_00001373,Shorts
id_00001374,Dresses
id_00001375,Pants
id_00001376,Skirts
id_00001377,Blouses_Shirts
id_00001378,Dresses
id_00001379,Dresses
id_00001380,Shorts
id_00001381,Sweaters
id_00001382,Sweatshirts_Hoodies
id_00001383,Cardigans
id_00001384,Tees_Tanks
id_00001385,Sweaters
id_00001386,Shorts
id_00001387,Tees_Tanks
id_00001388,Graphic_Tees
id_00001389,Sweaters
id_00001390,Rompers_Jumpsuits
id_00001391,Blouses_Shirts
id_00001392,Dresses
id_00001393,Blouses_Shirts
id_00001394,Blouses_Shirts
id_00001395,Dresses
id_00001396,Tees_Tanks
id_00001397,Blouses_Shirts
id_00001398,Leggings
id_00001399,Tees_Tanks
id_00001400,Blouses_Shirts
id_00001401,Jackets_Coats
id_00001402,Skirts
id_00001403,Dresses
id_00001404,Shorts
id_00001405,Pants
id_00001406,Pants
id_00001407,Blouses_Shirts
id_00001408,Rompers_Jumpsuits
id_00001409,Tees_Tanks
id_00001410,Jackets_Coats
id_00001411,Graphic_Tees
id_00001412,Leggings
id_00001413,Dresses
id_00001414,Dresses
id_00001415,Cardigans
id_00001416,Rompers_Jumpsuits
id_00001417,Shorts
id_00001418,Blouses_Shirts
id_00001419,Blouses_Shirts
id_00001420,Tees_Tanks
id_00001421,Blouses_Shirts
id_00001422,Tees_Tanks
id_00001423,Pants
id_00001424,Tees_Tanks
id_00001425,Rompers_Jumpsuits
id_00001426,Pants
id_00001427,Cardigans
id_00001428,Cardigans
id_00001429,Sweatshirts_Hoodies
id_00001430,Tees_Tanks
id_00001431,Tees_Tanks
id_00001432,Graphic_Tees
id_00001433,Shorts
id_00001434,Blouses_Shirts
id_00001435,Pants
id_00001436,Cardigans
id_00001437,Pants
id_00001438,Tees_Tanks
id_00001439,Dresses
id_00001440,Blouses_Shirts
id_00001441,Blouses_Shirts
id_00001442,Sweaters
id_00001443,Blouses_Shirts
id_00001444,Tees_Tanks
id_00001445,Shorts
id_00001446,Blouses_Shirts
id_00001447,Blouses_Shirts
id_00001448,Shorts
id_00001449,Leggings
id_00001450,Dresses
id_00001451,Blouses_Shirts
id_00001452,Jackets_Coats
id_00001453,Sweatshirts_Hoodies
id_00001454,Blouses_Shirts
id_00001455,Blouses_Shirts
id_00001456,Tees_Tanks
id_00001457,Shorts
id_00001458,Dresses
id_00001459,Dresses
id_00001460,Tees_Tanks
id_00001461,Jackets_Coats
id_00001462,Sweaters
id_00001463,Sweaters
id_00001464,Sweatshirts_Hoodies
id_00001465,Blouses_Shirts
id_00001466,Tees_Tanks
id_00001467,Tees_Tanks
id_00001468,Pants
id_00001469,Tees_Tanks
id_00001470,Graphic_Tees
id_00001471,Blouses_Shirts
id_00001472,Tees_Tanks
id_00001473,Skirts
id_00001474,Blouses_Shirts
id_00001475,Dresses
id_00001476,Tees_Tanks
id_00001477,Tees_Tanks
id_00001478,Tees_Tanks
id_00001479,Shorts
id_00001480,Tees_Tanks
id_00001481,Tees_Tanks
id_00001482,Graphic_Tees
id_00001483,Tees_Tanks
id_00001484,Blouses_Shirts
id_00001485,Sweaters
id_00001486,Blouses_Shirts
id_00001487,Tees_Tanks
id_00001488,Shirts_Polos
id_00001489,Rompers_Jumpsuits
id_00001490,Tees_Tanks
id_00001491,Dresses
id_00001492,Tees_Tanks
id_00001493,Rompers_Jumpsuits
id_00001494,Shorts
id_00001495,Blouses_Shirts
id_00001496,Sweaters
id_00001497,Graphic_Tees
id_00001498,Rompers_Jumpsuits
id_00001499,Tees_Tanks
id_00001500,Sweaters
id_00001501,Tees_Tanks
id_00001502,Blouses_Shirts
id_00001503,Skirts
id_00001504,Tees_Tanks
id_00001505,Blouses_Shirts
id_00001506,Rompers_Jumpsuits
id_00001507,Graphic_Tees
id_00001508,Blouses_Shirts
id_00001509,Sweaters
id_00001510,Pants
id_00001511,Tees_Tanks
id_00001512,Tees_Tanks
id_00001513,Graphic_Tees
id_00001514,Tees_Tanks
id_00001515,Tees_Tanks
id_00001516,Rompers_Jumpsuits
id_00001517,Tees_Tanks
id_00001518,Tees_Tanks
id_00001519,Tees_Tanks
id_00001520,Tees_Tanks
id_00001521,Dresses
id_00001522,Graphic_Tees
id_00001523,Tees_Tanks
id_00001524,Dresses
id_00001525,Pants
id_00001526,Blouses_Shirts
id_00001527,Rompers_Jumpsuits
id_00001528,Sweaters
id_00001529,Blouses_Shirts
id_00001530,Blouses_Shirts
id_00001531,Tees_Tanks
id_00001532,Dresses
id_00001533,Pants
id_00001534,Dresses
id_00001535,Sweatshirts_Hoodies
id_00001536,Blouses_Shirts
id_00001537,Tees_Tanks
id_00001538,Tees_Tanks
id_00001539,Shorts
id_00001540,Shirts_Polos
id_00001541,Skirts
id_00001542,Cardigans
id_00001543,Tees_Tanks
id_00001544,Sweaters
id_00001545,Graphic_Tees
id_00001546,Rompers_Jumpsuits
id_00001547,Skirts
id_00001548,Rompers_Jumpsuits
id_00001549,Shorts
id_00001550,Shorts
id_00001551,Dresses
id_00001552,Dresses
id_00001553,Blouses_Shirts
id_00001554,Sweatshirts_Hoodies
id_00001555,Graphic_Tees
id_00001556,Graphic_Tees
id_00001557,Shorts
id_00001558,Skirts
id_00001559,Tees_Tanks
id_00001560,Pants
id_00001561,Jackets_Coats
id_00001562,Rompers_Jumpsuits
id_00001563,Sweaters
id_00001564,Leggings
id_00001565,Sweaters
id_00001566,Graphic_Tees
id_00001567,Tees_Tanks
id_00001568,Skirts
id_00001569,Tees_Tanks
id_00001570,Blouses_Shirts
id_00001571,Tees_Tanks
id_00001572,Dresses
id_00001573,Pants
id_00001574,Pants
id_00001575,Rompers_Jumpsuits
id_00001576,Pants
id_00001577,Cardigans
id_00001578,Tees_Tanks
id_00001579,Dresses
id_00001580,Rompers_Jumpsuits
id_00001581,Sweaters
id_00001582,Jackets_Coats
id_00001583,Blouses_Shirts
id_00001584,Sweaters
id_00001585,Tees_Tanks
id_00001586,Blouses_Shirts
id_00001587,Tees_Tanks
id_00001588,Tees_Tanks
id_00001589,Pants
id_00001590,Tees_Tanks
id_00001591,Pants
id_00001592,Tees_Tanks
id_00001593,Dresses
id_00001594,Shorts
id_00001595,Tees_Tanks
id_00001596,Tees_Tanks
id_00001597,Pants
id_00001598,Skirts
id_00001599,Graphic_Tees
id_00001600,Skirts
id_00001601,Rompers_Jumpsuits
id_00001602,Tees_Tanks
id_00001603,Tees_Tanks
id_00001604,Tees_Tanks
id_00001605,Rompers_Jumpsuits
id_00001606,Tees_Tanks
id_00001607,Dresses
id_00001608,Blouses_Shirts
id_00001609,Rompers_Jumpsuits
id_00001610,Dresses
id_00001611,Pants
id_00001612,Blouses_Shirts
id_00001613,Jackets_Coats
id_00001614,Tees_Tanks
id_00001615,Sweaters
id_00001616,Blouses_Shirts
id_00001617,Pants
id_00001618,Sweaters
id_00001619,Tees_Tanks
id_00001620,Tees_Tanks
id_00001621,Blouses_Shirts
id_00001622,Tees_Tanks
id_00001623,Dresses
id_00001624,Blouses_Shirts
id_00001625,Shorts
id_00001626,Sweaters
id_00001627,Cardigans
id_00001628,Tees_Tanks
id_00001629,Tees_Tanks
id_00001630,Dresses
id_00001631,Blouses_Shirts
id_00001632,Blouses_Shirts
id_00001633,Blouses_Shirts
id_00001634,Tees_Tanks
id_00001635,Sweaters
id_00001636,Shorts
id_00001637,Sweaters
id_00001638,Tees_Tanks
id_00001639,Dresses
id_00001640,Dresses
id_00001641,Tees_Tanks
id_00001642,Blouses_Shirts
id_00001643,Tees_Tanks
id_00001644,Sweaters
id_00001645,Tees_Tanks
id_00001646,Shorts
id_00001647,Pants
id_00001648,Rompers_Jumpsuits
id_00001649,Blouses_Shirts
id_00001650,Rompers_Jumpsuits
id_00001651,Dresses
id_00001652,Blouses_Shirts
id_00001653,Graphic_Tees
id_00001654,Sweatshirts_Hoodies
id_00001655,Dresses
id_00001656,Sweaters
id_00001657,Dresses
id_00001658,Blouses_Shirts
id_00001659,Denim
id_00001660,Tees_Tanks
id_00001661,Blouses_Shirts
id_00001662,Dresses
id_00001663,Tees_Tanks
id_00001664,Jackets_Coats
id_00001665,Tees_Tanks
id_00001666,Blouses_Shirts
id_00001667,Dresses
id_00001668,Tees_Tanks
id_00001669,Jackets_Coats
id_00001670,Jackets_Coats
id_00001671,Sweaters
id_00001672,Tees_Tanks
id_00001673,Jackets_Coats
id_00001674,Dresses
id_00001675,Pants
id_00001676,Pants
id_00001677,Jackets_Coats
id_00001678,Tees_Tanks
id_00001679,Shirts_Polos
id_00001680,Dresses
id_00001681,Rompers_Jumpsuits
id_00001682,Shorts
id_00001683,Dresses
id_00001684,Jackets_Coats
id_00001685,Shorts
id_00001686,Cardigans
id_00001687,Graphic_Tees
id_00001688,Sweatshirts_Hoodies
id_00001689,Rompers_Jumpsuits
id_00001690,Tees_Tanks
id_00001691,Tees_Tanks
id_00001692,Shorts
id_00001693,Cardigans
id_00001694,Shorts
id_00001695,Sweatshirts_Hoodies
id_00001696,Sweaters
id_00001697,Dresses
id_00001698,Pants
id_00001699,Skirts
id_00001700,Sweaters
id_00001701,Dresses
id_00001702,Sweatshirts_Hoodies
id_00001703,Dresses
id_00001704,Blouses_Shirts
id_00001705,Jackets_Coats
id_00001706,Blouses_Shirts
id_00001707,Dresses
id_00001708,Blouses_Shirts
id_00001709,Blouses_Shirts
id_00001710,Blouses_Shirts
id_00001711,Graphic_Tees
id_00001712,Blouses_Shirts
id_00001713,Pants
id_00001714,Dresses
id_00001715,Rompers_Jumpsuits
id_00001716,Graphic_Tees
id_00001717,Sweaters
id_00001718,Rompers_Jumpsuits
id_00001719,Blouses_Shirts
id_00001720,Shorts
id_00001721,Rompers_Jumpsuits
id_00001722,Blouses_Shirts
id_00001723,Shirts_Polos
id_00001724,Tees_Tanks
id_00001725,Skirts
id_00001726,Blouses_Shirts
id_00001727,Sweaters
id_00001728,Graphic_Tees
id_00001729,Sweaters
id_00001730,Sweatshirts_Hoodies
id_00001731,Pants
id_00001732,Jackets_Coats
id_00001733,Pants
id_00001734,Pants
id_00001735,Jackets_Coats
id_00001736,Rompers_Jumpsuits
id_00001737,Tees_Tanks
id_00001738,Rompers_Jumpsuits
id_00001739,Blouses_Shirts
id_00001740,Dresses
id_00001741,Blouses_Shirts
id_00001742,Shorts
id_00001743,Tees_Tanks
id_00001744,Blouses_Shirts
id_00001745,Dresses
id_00001746,Leggings
id_00001747,Rompers_Jumpsuits
id_00001748,Dresses
id_00001749,Sweaters
id_00001750,Rompers_Jumpsuits
id_00001751,Blouses_Shirts
id_00001752,Blouses_Shirts
id_00001753,Blouses_Shirts
id_00001754,Jackets_Coats
id_00001755,Blouses_Shirts
id_00001756,Shorts
id_00001757,Tees_Tanks
id_00001758,Blouses_Shirts
id_00001759,Dresses
id_00001760,Blouses_Shirts
id_00001761,Dresses
id_00001762,Dresses
id_00001763,Pants
id_00001764,Tees_Tanks
id_00001765,Cardigans
id_00001766,Blouses_Shirts
id_00001767,Pants
id_00001768,Blouses_Shirts
id_00001769,Blouses_Shirts
id_00001770,Cardigans
id_00001771,Skirts
id_00001772,Tees_Tanks
id_00001773,Sweatshirts_Hoodies
id_00001774,Tees_Tanks
id_00001775,Rompers_Jumpsuits
id_00001776,Blouses_Shirts
id_00001777,Jackets_Coats
id_00001778,Cardigans
id_00001779,Sweatshirts_Hoodies
id_00001780,Leggings
id_00001781,Sweaters
id_00001782,Blouses_Shirts
id_00001783,Sweaters
id_00001784,Graphic_Tees
id_00001785,Tees_Tanks
id_00001786,Shorts
id_00001787,Blouses_Shirts
id_00001788,Pants
id_00001789,Tees_Tanks
id_00001790,Blouses_Shirts
id_00001791,Tees_Tanks
id_00001792,Cardigans
id_00001793,Tees_Tanks
id_00001794,Cardigans
id_00001795,Sweaters
id_00001796,Cardigans
id_00001797,Skirts
id_00001798,Dresses
id_00001799,Pants
id_00001800,Skirts
id_00001801,Tees_Tanks
id_00001802,Shirts_Polos
id_00001803,Jackets_Coats
id_00001804,Blouses_Shirts
id_00001805,Dresses
id_00001806,Blouses_Shirts
id_00001807,Blouses_Shirts
id_00001808,Tees_Tanks
id_00001809,Shorts
id_00001810,Blouses_Shirts
id_00001811,Cardigans
id_00001812,Dresses
id_00001813,Sweaters
id_00001814,Pants
id_00001815,Tees_Tanks
id_00001816,Tees_Tanks
id_00001817,Graphic_Tees
id_00001818,Rompers_Jumpsuits
id_00001819,Rompers_Jumpsuits
id_00001820,Tees_Tanks
id_00001821,Shorts
id_00001822,Pants
id_00001823,Blouses_Shirts
id_00001824,Tees_Tanks
id_00001825,Blouses_Shirts
id_00001826,Dresses
id_00001827,Shorts
id_00001828,Blouses_Shirts
id_00001829,Shorts
id_00001830,Denim
id_00001831,Sweatshirts_Hoodies
id_00001832,Blouses_Shirts
id_00001833,Jackets_Coats
id_00001834,Shorts
id_00001835,Tees_Tanks
id_00001836,Jackets_Coats
id_00001837,Blouses_Shirts
id_00001838,Tees_Tanks
id_00001839,Blouses_Shirts
id_00001840,Blouses_Shirts
id_00001841,Dresses
id_00001842,Jackets_Coats
id_00001843,Tees_Tanks
id_00001844,Tees_Tanks
id_00001845,Dresses
id_00001846,Blouses_Shirts
id_00001847,Skirts
id_00001848,Tees_Tanks
id_00001849,Rompers_Jumpsuits
id_00001850,Blouses_Shirts
id_00001851,Cardigans
id_00001852,Skirts
id_00001853,Graphic_Tees
id_00001854,Cardigans
id_00001855,Rompers_Jumpsuits
id_00001856,Sweatshirts_Hoodies
id_00001857,Tees_Tanks
id_00001858,Sweaters
id_00001859,Shorts
id_00001860,Blouses_Shirts
id_00001861,Dresses
id_00001862,Blouses_Shirts
id_00001863,Tees_Tanks
id_00001864,Shorts
id_00001865,Denim
id_00001866,Shirts_Polos
id_00001867,Leggings
id_00001868,Cardigans
id_00001869,Pants
id_00001870,Tees_Tanks
id_00001871,Blouses_Shirts
id_00001872,Dresses
id_00001873,Jackets_Coats
id_00001874,Blouses_Shirts
id_00001875,Jackets_Vests
id_00001876,Dresses
id_00001877,Cardigans
id_00001878,Rompers_Jumpsuits
id_00001879,Dresses
id_00001880,Pants
id_00001881,Tees_Tanks
id_00001882,Tees_Tanks
id_00001883,Skirts
id_00001884,Sweaters
id_00001885,Rompers_Jumpsuits
id_00001886,Dresses
id_00001887,Graphic_Tees
id_00001888,Graphic_Tees
id_00001889,Pants
id_00001890,Blouses_Shirts
id_00001891,Graphic_Tees
id_00001892,Dresses
id_00001893,Blouses_Shirts
id_00001894,Tees_Tanks
id_00001895,Blouses_Shirts
id_00001896,Shirts_Polos
id_00001897,Blouses_Shirts
id_00001898,Blouses_Shirts
id_00001899,Cardigans
id_00001900,Dresses
id_00001901,Rompers_Jumpsuits
id_00001902,Tees_Tanks
id_00001903,Jackets_Vests
id_00001904,Sweaters
id_00001905,Blouses_Shirts
id_00001906,Tees_Tanks
id_00001907,Leggings
id_00001908,Cardigans
id_00001909,Tees_Tanks
id_00001910,Blouses_Shirts
id_00001911,Skirts
id_00001912,Dresses
id_00001913,Shorts
id_00001914,Dresses
id_00001915,Blouses_Shirts
id_00001916,Blouses_Shirts
id_00001917,Pants
id_00001918,Shorts
id_00001919,Shirts_Polos
id_00001920,Blouses_Shirts
id_00001921,Blouses_Shirts
id_00001922,Shorts
id_00001923,Tees_Tanks
id_00001924,Tees_Tanks
id_00001925,Tees_Tanks
id_00001926,Cardigans
id_00001927,Dresses
id_00001928,Shorts
id_00001929,Pants
id_00001930,Blouses_Shirts
id_00001931,Dresses
id_00001932,Blouses_Shirts
id_00001933,Pants
id_00001934,Tees_Tanks
id_00001935,Jackets_Coats
id_00001936,Pants
id_00001937,Tees_Tanks
id_00001938,Tees_Tanks
id_00001939,Blouses_Shirts
id_00001940,Shorts
id_00001941,Tees_Tanks
id_00001942,Blouses_Shirts
id_00001943,Tees_Tanks
id_00001944,Pants
id_00001945,Blouses_Shirts
id_00001946,Rompers_Jumpsuits
id_00001947,Sweaters
id_00001948,Shirts_Polos
id_00001949,Rompers_Jumpsuits
id_00001950,Blouses_Shirts
id_00001951,Dresses
id_00001952,Denim
id_00001953,Rompers_Jumpsuits
id_00001954,Dresses
id_00001955,Sweaters
id_00001956,Dresses
id_00001957,Blouses_Shirts
id_00001958,Shorts
id_00001959,Rompers_Jumpsuits
id_00001960,Dresses
id_00001961,Dresses
id_00001962,Blouses_Shirts
id_00001963,Cardigans
id_00001964,Dresses
id_00001965,Tees_Tanks
id_00001966,Graphic_Tees
id_00001967,Cardigans
id_00001968,Graphic_Tees
id_00001969,Blouses_Shirts
id_00001970,Tees_Tanks
id_00001971,Jackets_Coats
id_00001972,Shorts
id_00001973,Tees_Tanks
id_00001974,Rompers_Jumpsuits
id_00001975,Tees_Tanks
id_00001976,Rompers_Jumpsuits
id_00001977,Blouses_Shirts
id_00001978,Graphic_Tees
id_00001979,Dresses
id_00001980,Dresses
id_00001981,Blouses_Shirts
id_00001982,Tees_Tanks
id_00001983,Skirts
id_00001984,Tees_Tanks
id_00001985,Shirts_Polos
id_00001986,Dresses
id_00001987,Tees_Tanks
id_00001988,Denim
id_00001989,Dresses
id_00001990,Rompers_Jumpsuits
id_00001991,Cardigans
id_00001992,Sweatshirts_Hoodies
id_00001993,Sweaters
id_00001994,Dresses
id_00001995,Tees_Tanks
id_00001996,Tees_Tanks
id_00001997,Dresses
id_00001998,Pants
id_00001999,Pants
id_00002000,Blouses_Shirts
id_00002001,Dresses
id_00002002,Sweatshirts_Hoodies
id_00002003,Graphic_Tees
id_00002004,Blouses_Shirts
id_00002005,Blouses_Shirts
id_00002006,Pants
id_00002007,Jackets_Coats
id_00002008,Blouses_Shirts
id_00002009,Dresses
id_00002010,Tees_Tanks
id_00002011,Tees_Tanks
id_00002012,Blouses_Shirts
id_00002013,Dresses
id_00002014,Blouses_Shirts
id_00002015,Tees_Tanks
id_00002016,Tees_Tanks
id_00002017,Jackets_Coats
id_00002018,Tees_Tanks
id_00002019,Dresses
id_00002020,Dresses
id_00002021,Cardigans
id_00002022,Tees_Tanks
id_00002023,Blouses_Shirts
id_00002024,Skirts
id_00002025,Tees_Tanks
id_00002026,Graphic_Tees
id_00002027,Sweaters
id_00002028,Rompers_Jumpsuits
id_00002029,Tees_Tanks
id_00002030,Tees_Tanks
id_00002031,Shorts
id_00002032,Shorts
id_00002033,Shorts
id_00002034,Graphic_Tees
id_00002035,Shirts_Polos
id_00002036,Rompers_Jumpsuits
id_00002037,Leggings
id_00002038,Shorts
id_00002039,Jackets_Coats
id_00002040,Blouses_Shirts
id_00002041,Cardigans
id_00002042,Dresses
id_00002043,Sweaters
id_00002044,Blouses_Shirts
id_00002045,Sweaters
id_00002046,Shorts
id_00002047,Pants
id_00002048,Blouses_Shirts
id_00002049,Sweaters
id_00002050,Blouses_Shirts
id_00002051,Cardigans
id_00002052,Blouses_Shirts
id_00002053,Pants
id_00002054,Tees_Tanks
id_00002055,Pants
id_00002056,Dresses
id_00002057,Dresses
id_00002058,Shorts
id_00002059,Blouses_Shirts
id_00002060,Shorts
id_00002061,Blouses_Shirts
id_00002062,Blouses_Shirts
id_00002063,Tees_Tanks
id_00002064,Cardigans
id_00002065,Tees_Tanks
id_00002066,Graphic_Tees
id_00002067,Skirts
id_00002068,Blouses_Shirts
id_00002069,Blouses_Shirts
id_00002070,Tees_Tanks
id_00002071,Tees_Tanks
id_00002072,Tees_Tanks
id_00002073,Dresses
id_00002074,Pants
id_00002075,Tees_Tanks
id_00002076,Tees_Tanks
id_00002077,Dresses
id_00002078,Blouses_Shirts
id_00002079,Shorts
id_00002080,Sweatshirts_Hoodies
id_00002081,Dresses
id_00002082,Dresses
id_00002083,Jackets_Coats
id_00002084,Sweaters
id_00002085,Tees_Tanks
id_00002086,Dresses
id_00002087,Pants
id_00002088,Graphic_Tees
id_00002089,Sweaters
id_00002090,Rompers_Jumpsuits
id_00002091,Sweatshirts_Hoodies
id_00002092,Shorts
id_00002093,Dresses
id_00002094,Tees_Tanks
id_00002095,Leggings
id_00002096,Tees_Tanks
id_00002097,Shorts
id_00002098,Blouses_Shirts
id_00002099,Blouses_Shirts
id_00002100,Rompers_Jumpsuits
id_00002101,Dresses
id_00002102,Blouses_Shirts
id_00002103,Tees_Tanks
id_00002104,Shorts
id_00002105,Sweatshirts_Hoodies
id_00002106,Dresses
id_00002107,Blouses_Shirts
id_00002108,Dresses
id_00002109,Blouses_Shirts
id_00002110,Shorts
id_00002111,Jackets_Coats
id_00002112,Tees_Tanks
id_00002113,Blouses_Shirts
id_00002114,Sweaters
id_00002115,Sweatshirts_Hoodies
id_00002116,Tees_Tanks
id_00002117,Leggings
id_00002118,Rompers_Jumpsuits
id_00002119,Dresses
id_00002120,Cardigans
id_00002121,Cardigans
id_00002122,Graphic_Tees
id_00002123,Dresses
id_00002124,Sweaters
id_00002125,Cardigans
id_00002126,Tees_Tanks
id_00002127,Dresses
id_00002128,Tees_Tanks
id_00002129,Graphic_Tees
id_00002130,Leggings
id_00002131,Blouses_Shirts
id_00002132,Denim
id_00002133,Tees_Tanks
id_00002134,Dresses
id_00002135,Blouses_Shirts
id_00002136,Tees_Tanks
id_00002137,Graphic_Tees
id_00002138,Shorts
id_00002139,Blouses_Shirts
id_00002140,Blouses_Shirts
id_00002141,Dresses
id_00002142,Tees_Tanks
id_00002143,Blouses_Shirts
id_00002144,Tees_Tanks
id_00002145,Pants
id_00002146,Dresses
id_00002147,Pants
id_00002148,Dresses
id_00002149,Denim
id_00002150,Tees_Tanks
id_00002151,Tees_Tanks
id_00002152,Tees_Tanks
id_00002153,Blouses_Shirts
id_00002154,Tees_Tanks
id_00002155,Shorts
id_00002156,Shorts
id_00002157,Tees_Tanks
id_00002158,Tees_Tanks
id_00002159,Blouses_Shirts
id_00002160,Shorts
id_00002161,Dresses
id_00002162,Tees_Tanks
id_00002163,Tees_Tanks
id_00002164,Tees_Tanks
id_00002165,Sweatshirts_Hoodies
id_00002166,Skirts
id_00002167,Tees_Tanks
id_00002168,Dresses
id_00002169,Cardigans
id_00002170,Sweaters
id_00002171,Dresses
id_00002172,Tees_Tanks
id_00002173,Jackets_Vests
id_00002174,Tees_Tanks
id_00002175,Pants
id_00002176,Rompers_Jumpsuits
id_00002177,Dresses
id_00002178,Rompers_Jumpsuits
id_00002179,Sweaters
id_00002180,Graphic_Tees
id_00002181,Jackets_Coats
id_00002182,Blouses_Shirts
id_00002183,Pants
id_00002184,Sweaters
id_00002185,Tees_Tanks
id_00002186,Tees_Tanks
id_00002187,Tees_Tanks
id_00002188,Sweaters
id_00002189,Denim
id_00002190,Dresses
id_00002191,Tees_Tanks
id_00002192,Sweaters
id_00002193,Blouses_Shirts
id_00002194,Sweatshirts_Hoodies
id_00002195,Pants
id_00002196,Jackets_Coats
id_00002197,Shorts
id_00002198,Sweaters
id_00002199,Pants
id_00002200,Dresses
id_00002201,Tees_Tanks
id_00002202,Tees_Tanks
id_00002203,Tees_Tanks
id_00002204,Sweaters
id_00002205,Blouses_Shirts
id_00002206,Blouses_Shirts
id_00002207,Cardigans
id_00002208,Shorts
id_00002209,Sweatshirts_Hoodies
id_00002210,Tees_Tanks
id_00002211,Shorts
id_00002212,Sweaters
id_00002213,Pants
id_00002214,Tees_Tanks
id_00002215,Cardigans
id_00002216,Tees_Tanks
id_00002217,Blouses_Shirts
id_00002218,Blouses_Shirts
id_00002219,Tees_Tanks
id_00002220,Tees_Tanks
id_00002221,Graphic_Tees
id_00002222,Jackets_Coats
id_00002223,Blouses_Shirts
id_00002224,Dresses
id_00002225,Pants
id_00002226,Tees_Tanks
id_00002227,Tees_Tanks
id_00002228,Jackets_Coats
id_00002229,Dresses
id_00002230,Dresses
id_00002231,Blouses_Shirts
id_00002232,Dresses
id_00002233,Tees_Tanks
id_00002234,Tees_Tanks
id_00002235,Blouses_Shirts
id_00002236,Pants
id_00002237,Dresses
id_00002238,Sweaters
id_00002239,Tees_Tanks
id_00002240,Shorts
id_00002241,Sweaters
id_00002242,Sweaters
id_00002243,Denim
id_00002244,Blouses_Shirts
id_00002245,Tees_Tanks
id_00002246,Blouses_Shirts
id_00002247,Tees_Tanks
id_00002248,Sweaters
id_00002249,Tees_Tanks
id_00002250,Dresses
id_00002251,Sweatshirts_Hoodies
id_00002252,Dresses
id_00002253,Graphic_Tees
id_00002254,Tees_Tanks
id_00002255,Cardigans
id_00002256,Sweaters
id_00002257,Tees_Tanks
id_00002258,Tees_Tanks
id_00002259,Tees_Tanks
id_00002260,Tees_Tanks
id_00002261,Tees_Tanks
id_00002262,Pants
id_00002263,Tees_Tanks
id_00002264,Blouses_Shirts
id_00002265,Sweaters
id_00002266,Shirts_Polos
id_00002267,Blouses_Shirts
id_00002268,Jackets_Vests
id_00002269,Sweaters
id_00002270,Blouses_Shirts
id_00002271,Tees_Tanks
id_00002272,Tees_Tanks
id_00002273,Sweatshirts_Hoodies
id_00002274,Blouses_Shirts
id_00002275,Cardigans
id_00002276,Tees_Tanks
id_00002277,Dresses
id_00002278,Tees_Tanks
id_00002279,Shorts
id_00002280,Sweaters
id_00002281,Dresses
id_00002282,Dresses
id_00002283,Blouses_Shirts
id_00002284,Tees_Tanks
id_00002285,Denim
id_00002286,Dresses
id_00002287,Sweaters
id_00002288,Tees_Tanks
id_00002289,Blouses_Shirts
id_00002290,Dresses
id_00002291,Dresses
id_00002292,Dresses
id_00002293,Dresses
id_00002294,Dresses
id_00002295,Pants
id_00002296,Skirts
id_00002297,Dresses
id_00002298,Dresses
id_00002299,Graphic_Tees
id_00002300,Tees_Tanks
id_00002301,Rompers_Jumpsuits
id_00002302,Jackets_Coats
id_00002303,Tees_Tanks
id_00002304,Blouses_Shirts
id_00002305,Shorts
id_00002306,Dresses
id_00002307,Dresses
id_00002308,Tees_Tanks
id_00002309,Tees_Tanks
id_00002310,Tees_Tanks
id_00002311,Jackets_Coats
id_00002312,Blouses_Shirts
id_00002313,Shirts_Polos
id_00002314,Shorts
id_00002315,Sweatshirts_Hoodies
id_00002316,Sweaters
id_00002317,Tees_Tanks
id_00002318,Tees_Tanks
id_00002319,Graphic_Tees
id_00002320,Shorts
id_00002321,Dresses
id_00002322,Tees_Tanks
id_00002323,Blouses_Shirts
id_00002324,Cardigans
id_00002325,Jackets_Coats
id_00002326,Dresses
id_00002327,Tees_Tanks
id_00002328,Tees_Tanks
id_00002329,Pants
id_00002330,Blouses_Shirts
id_00002331,Pants
id_00002332,Jackets_Coats
id_00002333,Blouses_Shirts
id_00002334,Blouses_Shirts
id_00002335,Jackets_Coats
id_00002336,Blouses_Shirts
id_00002337,Cardigans
id_00002338,Denim
id_00002339,Jackets_Coats
id_00002340,Tees_Tanks
id_00002341,Tees_Tanks
id_00002342,Skirts
id_00002343,Blouses_Shirts
id_00002344,Blouses_Shirts
id_00002345,Sweaters
id_00002346,Shorts
id_00002347,Graphic_Tees
id_00002348,Dresses
id_00002349,Dresses
id_00002350,Dresses
id_00002351,Blouses_Shirts
id_00002352,Shorts
id_00002353,Tees_Tanks
id_00002354,Dresses
id_00002355,Shorts
id_00002356,Blouses_Shirts
id_00002357,Sweaters
id_00002358,Dresses
id_00002359,Denim
id_00002360,Tees_Tanks
id_00002361,Tees_Tanks
id_00002362,Tees_Tanks
id_00002363,Blouses_Shirts
id_00002364,Graphic_Tees
id_00002365,Sweaters
id_00002366,Blouses_Shirts
id_00002367,Dresses
id_00002368,Leggings
id_00002369,Graphic_Tees
id_00002370,Blouses_Shirts
id_00002371,Tees_Tanks
id_00002372,Dresses
id_00002373,Blouses_Shirts
id_00002374,Blouses_Shirts
id_00002375,Jackets_Vests
id_00002376,Blouses_Shirts
id_00002377,Cardigans
id_00002378,Blouses_Shirts
id_00002379,Cardigans
id_00002380,Shorts
id_00002381,Tees_Tanks
id_00002382,Skirts
id_00002383,Shirts_Polos
id_00002384,Blouses_Shirts
id_00002385,Rompers_Jumpsuits
id_00002386,Rompers_Jumpsuits
id_00002387,Tees_Tanks
id_00002388,Sweaters
id_00002389,Dresses
id_00002390,Sweaters
id_00002391,Dresses
id_00002392,Blouses_Shirts
id_00002393,Tees_Tanks
id_00002394,Shorts
id_00002395,Tees_Tanks
id_00002396,Jackets_Coats
id_00002397,Skirts
id_00002398,Rompers_Jumpsuits
id_00002399,Tees_Tanks
id_00002400,Dresses
id_00002401,Tees_Tanks
id_00002402,Tees_Tanks
id_00002403,Pants
id_00002404,Graphic_Tees
id_00002405,Dresses
id_00002406,Rompers_Jumpsuits
id_00002407,Tees_Tanks
id_00002408,Dresses
id_00002409,Dresses
id_00002410,Skirts
id_00002411,Dresses
id_00002412,Rompers_Jumpsuits
id_00002413,Shorts
id_00002414,Blouses_Shirts
id_00002415,Tees_Tanks
id_00002416,Jackets_Coats
id_00002417,Shorts
id_00002418,Skirts
id_00002419,Shorts
id_00002420,Dresses
id_00002421,Cardigans
id_00002422,Tees_Tanks
id_00002423,Tees_Tanks
id_00002424,Denim
id_00002425,Blouses_Shirts
id_00002426,Dresses
id_00002427,Dresses
id_00002428,Dresses
id_00002429,Shorts
id_00002430,Dresses
id_00002431,Sweatshirts_Hoodies
id_00002432,Blouses_Shirts
id_00002433,Sweaters
id_00002434,Dresses
id_00002435,Shorts
id_00002436,Blouses_Shirts
id_00002437,Sweaters
id_00002438,Blouses_Shirts
id_00002439,Jackets_Vests
id_00002440,Jackets_Coats
id_00002441,Blouses_Shirts
id_00002442,Dresses
id_00002443,Shorts
id_00002444,Cardigans
id_00002445,Cardigans
id_00002446,Jackets_Vests
id_00002447,Blouses_Shirts
id_00002448,Skirts
id_00002449,Dresses
id_00002450,Dresses
id_00002451,Sweaters
id_00002452,Blouses_Shirts
id_00002453,Shorts
id_00002454,Dresses
id_00002455,Blouses_Shirts
id_00002456,Sweaters
id_00002457,Tees_Tanks
id_00002458,Graphic_Tees
id_00002459,Leggings
id_00002460,Tees_Tanks
id_00002461,Shirts_Polos
id_00002462,Shorts
id_00002463,Leggings
id_00002464,Pants
id_00002465,Shorts
id_00002466,Blouses_Shirts
id_00002467,Tees_Tanks
id_00002468,Shirts_Polos
id_00002469,Pants
id_00002470,Dresses
id_00002471,Dresses
id_00002472,Shorts
id_00002473,Blouses_Shirts
id_00002474,Graphic_Tees
id_00002475,Sweaters
id_00002476,Denim
id_00002477,Dresses
id_00002478,Tees_Tanks
id_00002479,Tees_Tanks
id_00002480,Sweaters
id_00002481,Blouses_Shirts
id_00002482,Tees_Tanks
id_00002483,Tees_Tanks
id_00002484,Sweaters
id_00002485,Blouses_Shirts
id_00002486,Graphic_Tees
id_00002487,Shorts
id_00002488,Cardigans
id_00002489,Blouses_Shirts
id_00002490,Graphic_Tees
id_00002491,Graphic_Tees
id_00002492,Tees_Tanks
id_00002493,Pants
id_00002494,Pants
id_00002495,Jackets_Coats
id_00002496,Jackets_Coats
id_00002497,Pants
id_00002498,Rompers_Jumpsuits
id_00002499,Blouses_Shirts
id_00002500,Shorts
id_00002501,Blouses_Shirts
id_00002502,Sweaters
id_00002503,Tees_Tanks
id_00002504,Blouses_Shirts
id_00002505,Blouses_Shirts
id_00002506,Dresses
id_00002507,Dresses
id_00002508,Pants
id_00002509,Dresses
id_00002510,Dresses
id_00002511,Cardigans
id_00002512,Tees_Tanks
id_00002513,Sweatshirts_Hoodies
id_00002514,Shorts
id_00002515,Sweaters
id_00002516,Tees_Tanks
id_00002517,Dresses
id_00002518,Denim
id_00002519,Dresses
id_00002520,Cardigans
id_00002521,Skirts
id_00002522,Sweaters
id_00002523,Tees_Tanks
id_00002524,Shorts
id_00002525,Skirts
id_00002526,Shorts
id_00002527,Graphic_Tees
id_00002528,Denim
id_00002529,Dresses
id_00002530,Shorts
id_00002531,Dresses
id_00002532,Blouses_Shirts
id_00002533,Sweatshirts_Hoodies
id_00002534,Pants
id_00002535,Tees_Tanks
id_00002536,Dresses
id_00002537,Dresses
id_00002538,Blouses_Shirts
id_00002539,Pants
id_00002540,Tees_Tanks
id_00002541,Shirts_Polos
id_00002542,Blouses_Shirts
id_00002543,Blouses_Shirts
id_00002544,Dresses
id_00002545,Rompers_Jumpsuits
id_00002546,Blouses_Shirts
id_00002547,Cardigans
id_00002548,Rompers_Jumpsuits
id_00002549,Dresses
id_00002550,Blouses_Shirts
id_00002551,Tees_Tanks
id_00002552,Sweatshirts_Hoodies
id_00002553,Tees_Tanks
id_00002554,Dresses
id_00002555,Blouses_Shirts
id_00002556,Tees_Tanks
id_00002557,Shorts
id_00002558,Blouses_Shirts
id_00002559,Denim
id_00002560,Tees_Tanks
id_00002561,Tees_Tanks
id_00002562,Dresses
id_00002563,Rompers_Jumpsuits
id_00002564,Cardigans
id_00002565,Pants
id_00002566,Blouses_Shirts
id_00002567,Sweaters
id_00002568,Tees_Tanks
id_00002569,Tees_Tanks
id_00002570,Tees_Tanks
id_00002571,Tees_Tanks
id_00002572,Shorts
id_00002573,Sweaters
id_00002574,Tees_Tanks
id_00002575,Dresses
id_00002576,Sweaters
id_00002577,Tees_Tanks
id_00002578,Denim
id_00002579,Rompers_Jumpsuits
id_00002580,Blouses_Shirts
id_00002581,Shorts
id_00002582,Rompers_Jumpsuits
id_00002583,Sweaters
id_00002584,Shorts
id_00002585,Blouses_Shirts
id_00002586,Shorts
id_00002587,Shorts
id_00002588,Skirts
id_00002589,Shorts
id_00002590,Dresses
id_00002591,Blouses_Shirts
id_00002592,Pants
id_00002593,Blouses_Shirts
id_00002594,Dresses
id_00002595,Tees_Tanks
id_00002596,Blouses_Shirts
id_00002597,Blouses_Shirts
id_00002598,Dresses
id_00002599,Jackets_Coats
id_00002600,Sweaters
id_00002601,Blouses_Shirts
id_00002602,Dresses
id_00002603,Tees_Tanks
id_00002604,Jackets_Coats
id_00002605,Tees_Tanks
id_00002606,Graphic_Tees
id_00002607,Shorts
id_00002608,Sweaters
id_00002609,Jackets_Coats
id_00002610,Blouses_Shirts
id_00002611,Graphic_Tees
id_00002612,Sweaters
id_00002613,Cardigans
id_00002614,Blouses_Shirts
id_00002615,Tees_Tanks
id_00002616,Blouses_Shirts
id_00002617,Tees_Tanks
id_00002618,Tees_Tanks
id_00002619,Sweatshirts_Hoodies
id_00002620,Cardigans
id_00002621,Rompers_Jumpsuits
id_00002622,Leggings
id_00002623,Dresses
id_00002624,Rompers_Jumpsuits
id_00002625,Dresses
id_00002626,Shorts
id_00002627,Skirts
id_00002628,Tees_Tanks
id_00002629,Dresses
id_00002630,Blouses_Shirts
id_00002631,Dresses
id_00002632,Rompers_Jumpsuits
id_00002633,Pants
id_00002634,Blouses_Shirts
id_00002635,Sweaters
id_00002636,Jackets_Coats
id_00002637,Jackets_Coats
id_00002638,Tees_Tanks
id_00002639,Sweaters
id_00002640,Shorts
id_00002641,Jackets_Coats
id_00002642,Tees_Tanks
id_00002643,Tees_Tanks
id_00002644,Dresses
id_00002645,Dresses
id_00002646,Dresses
id_00002647,Tees_Tanks
id_00002648,Dresses
id_00002649,Blouses_Shirts
id_00002650,Pants
id_00002651,Graphic_Tees
id_00002652,Tees_Tanks
id_00002653,Graphic_Tees
id_00002654,Blouses_Shirts
id_00002655,Sweaters
id_00002656,Dresses
id_00002657,Tees_Tanks
id_00002658,Tees_Tanks
id_00002659,Tees_Tanks
id_00002660,Pants
id_00002661,Pants
id_00002662,Sweatshirts_Hoodies
id_00002663,Shorts
id_00002664,Sweatshirts_Hoodies
id_00002665,Dresses
id_00002666,Jackets_Coats
id_00002667,Tees_Tanks
id_00002668,Shorts
id_00002669,Blouses_Shirts
id_00002670,Sweaters
id_00002671,Shorts
id_00002672,Sweatshirts_Hoodies
id_00002673,Tees_Tanks
id_00002674,Leggings
id_00002675,Tees_Tanks
id_00002676,Blouses_Shirts
id_00002677,Jackets_Coats
id_00002678,Tees_Tanks
id_00002679,Skirts
id_00002680,Sweaters
id_00002681,Dresses
id_00002682,Dresses
id_00002683,Graphic_Tees
id_00002684,Sweaters
id_00002685,Sweaters
id_00002686,Skirts
id_00002687,Blouses_Shirts
id_00002688,Pants
id_00002689,Blouses_Shirts
id_00002690,Cardigans
id_00002691,Pants
id_00002692,Tees_Tanks
id_00002693,Sweaters
id_00002694,Tees_Tanks
id_00002695,Graphic_Tees
id_00002696,Pants
id_00002697,Pants
id_00002698,Blouses_Shirts
id_00002699,Tees_Tanks
id_00002700,Dresses
id_00002701,Blouses_Shirts
id_00002702,Tees_Tanks
id_00002703,Blouses_Shirts
id_00002704,Blouses_Shirts
id_00002705,Shorts
id_00002706,Shorts
id_00002707,Denim
id_00002708,Cardigans
id_00002709,Tees_Tanks
id_00002710,Shorts
id_00002711,Skirts
id_00002712,Dresses
id_00002713,Blouses_Shirts
id_00002714,Tees_Tanks
id_00002715,Sweaters
id_00002716,Blouses_Shirts
id_00002717,Shorts
id_00002718,Dresses
id_00002719,Pants
id_00002720,Shorts
id_00002721,Cardigans
id_00002722,Jackets_Coats
id_00002723,Blouses_Shirts
id_00002724,Shorts
id_00002725,Tees_Tanks
id_00002726,Sweaters
id_00002727,Dresses
id_00002728,Shorts
id_00002729,Tees_Tanks
id_00002730,Blouses_Shirts
id_00002731,Tees_Tanks
id_00002732,Tees_Tanks
id_00002733,Rompers_Jumpsuits
id_00002734,Shorts
id_00002735,Denim
id_00002736,Shorts
id_00002737,Sweaters
id_00002738,Tees_Tanks
id_00002739,Blouses_Shirts
id_00002740,Dresses
id_00002741,Sweaters
id_00002742,Pants
id_00002743,Dresses
id_00002744,Dresses
id_00002745,Tees_Tanks
id_00002746,Sweaters
id_00002747,Tees_Tanks
id_00002748,Blouses_Shirts
id_00002749,Rompers_Jumpsuits
id_00002750,Shirts_Polos
id_00002751,Cardigans
id_00002752,Skirts
id_00002753,Shorts
id_00002754,Jackets_Vests
id_00002755,Dresses
id_00002756,Dresses
id_00002757,Dresses
id_00002758,Pants
id_00002759,Blouses_Shirts
id_00002760,Denim
id_00002761,Rompers_Jumpsuits
id_00002762,Tees_Tanks
id_00002763,Blouses_Shirts
id_00002764,Skirts
id_00002765,Jackets_Coats
id_00002766,Shorts
id_00002767,Shorts
id_00002768,Dresses
id_00002769,Blouses_Shirts
id_00002770,Blouses_Shirts
id_00002771,Blouses_Shirts
id_00002772,Blouses_Shirts
id_00002773,Blouses_Shirts
id_00002774,Sweatshirts_Hoodies
id_00002775,Dresses
id_00002776,Skirts
id_00002777,Tees_Tanks
id_00002778,Sweaters
id_00002779,Dresses
id_00002780,Dresses
id_00002781,Tees_Tanks
id_00002782,Sweaters
id_00002783,Dresses
id_00002784,Tees_Tanks
id_00002785,Dresses
id_00002786,Dresses
id_00002787,Shorts
id_00002788,Shorts
id_00002789,Blouses_Shirts
id_00002790,Sweaters
id_00002791,Dresses
id_00002792,Tees_Tanks
id_00002793,Sweaters
id_00002794,Blouses_Shirts
id_00002795,Shorts
id_00002796,Jackets_Coats
id_00002797,Dresses
id_00002798,Denim
id_00002799,Blouses_Shirts
id_00002800,Shorts
id_00002801,Sweaters
id_00002802,Dresses
id_00002803,Graphic_Tees
id_00002804,Tees_Tanks
id_00002805,Skirts
id_00002806,Blouses_Shirts
id_00002807,Pants
id_00002808,Shirts_Polos
id_00002809,Sweaters
id_00002810,Tees_Tanks
id_00002811,Skirts
id_00002812,Rompers_Jumpsuits
id_00002813,Tees_Tanks
id_00002814,Tees_Tanks
id_00002815,Rompers_Jumpsuits
id_00002816,Shirts_Polos
id_00002817,Dresses
id_00002818,Sweatshirts_Hoodies
id_00002819,Pants
id_00002820,Cardigans
id_00002821,Tees_Tanks
id_00002822,Sweatshirts_Hoodies
id_00002823,Sweaters
id_00002824,Tees_Tanks
id_00002825,Jackets_Coats
id_00002826,Blouses_Shirts
id_00002827,Dresses
id_00002828,Sweaters
id_00002829,Blouses_Shirts
id_00002830,Tees_Tanks
id_00002831,Tees_Tanks
id_00002832,Blouses_Shirts
id_00002833,Sweatshirts_Hoodies
id_00002834,Blouses_Shirts
id_00002835,Graphic_Tees
id_00002836,Blouses_Shirts
id_00002837,Rompers_Jumpsuits
id_00002838,Skirts
id_00002839,Tees_Tanks
id_00002840,Sweatshirts_Hoodies
id_00002841,Dresses
id_00002842,Sweaters
id_00002843,Rompers_Jumpsuits
id_00002844,Dresses
id_00002845,Tees_Tanks
id_00002846,Blouses_Shirts
id_00002847,Blouses_Shirts
id_00002848,Tees_Tanks
id_00002849,Dresses
id_00002850,Jackets_Coats
id_00002851,Rompers_Jumpsuits
id_00002852,Leggings
id_00002853,Sweaters
id_00002854,Dresses
id_00002855,Tees_Tanks
id_00002856,Rompers_Jumpsuits
id_00002857,Tees_Tanks
id_00002858,Blouses_Shirts
id_00002859,Cardigans
id_00002860,Dresses
id_00002861,Dresses
id_00002862,Sweatshirts_Hoodies
id_00002863,Dresses
id_00002864,Blouses_Shirts
id_00002865,Graphic_Tees
id_00002866,Tees_Tanks
id_00002867,Tees_Tanks
id_00002868,Skirts
id_00002869,Dresses
id_00002870,Jackets_Coats
id_00002871,Rompers_Jumpsuits
id_00002872,Jackets_Coats
id_00002873,Jackets_Coats
id_00002874,Shirts_Polos
id_00002875,Graphic_Tees
id_00002876,Dresses
id_00002877,Dresses
id_00002878,Jackets_Coats
id_00002879,Dresses
id_00002880,Cardigans
id_00002881,Pants
id_00002882,Tees_Tanks
id_00002883,Tees_Tanks
id_00002884,Tees_Tanks
id_00002885,Tees_Tanks
id_00002886,Tees_Tanks
id_00002887,Blouses_Shirts
id_00002888,Pants
id_00002889,Dresses
id_00002890,Blouses_Shirts
id_00002891,Graphic_Tees
id_00002892,Tees_Tanks
id_00002893,Jackets_Coats
id_00002894,Cardigans
id_00002895,Dresses
id_00002896,Skirts
id_00002897,Shorts
id_00002898,Pants
id_00002899,Dresses
id_00002900,Blouses_Shirts
id_00002901,Tees_Tanks
id_00002902,Sweaters
id_00002903,Tees_Tanks
id_00002904,Tees_Tanks
id_00002905,Tees_Tanks
id_00002906,Tees_Tanks
id_00002907,Pants
id_00002908,Tees_Tanks
id_00002909,Dresses
id_00002910,Blouses_Shirts
id_00002911,Tees_Tanks
id_00002912,Tees_Tanks
id_00002913,Tees_Tanks
id_00002914,Dresses
id_00002915,Tees_Tanks
id_00002916,Rompers_Jumpsuits
id_00002917,Dresses
id_00002918,Tees_Tanks
id_00002919,Pants
id_00002920,Pants
id_00002921,Sweaters
id_00002922,Tees_Tanks
id_00002923,Dresses
id_00002924,Tees_Tanks
id_00002925,Dresses
id_00002926,Dresses
id_00002927,Tees_Tanks
id_00002928,Shorts
id_00002929,Tees_Tanks
id_00002930,Blouses_Shirts
id_00002931,Cardigans
id_00002932,Blouses_Shirts
id_00002933,Skirts
id_00002934,Rompers_Jumpsuits
id_00002935,Shorts
id_00002936,Dresses
id_00002937,Pants
id_00002938,Dresses
id_00002939,Blouses_Shirts
id_00002940,Shirts_Polos
id_00002941,Cardigans
id_00002942,Dresses
id_00002943,Blouses_Shirts
id_00002944,Skirts
id_00002945,Leggings
id_00002946,Pants
id_00002947,Skirts
id_00002948,Tees_Tanks
id_00002949,Blouses_Shirts
id_00002950,Tees_Tanks
id_00002951,Tees_Tanks
id_00002952,Cardigans
id_00002953,Tees_Tanks
id_00002954,Tees_Tanks
id_00002955,Blouses_Shirts
id_00002956,Dresses
id_00002957,Tees_Tanks
id_00002958,Jackets_Vests
id_00002959,Blouses_Shirts
id_00002960,Blouses_Shirts
id_00002961,Skirts
id_00002962,Graphic_Tees
id_00002963,Dresses
id_00002964,Blouses_Shirts
id_00002965,Blouses_Shirts
id_00002966,Dresses
id_00002967,Skirts
id_00002968,Skirts
id_00002969,Tees_Tanks
id_00002970,Dresses
id_00002971,Denim
id_00002972,Blouses_Shirts
id_00002973,Graphic_Tees
id_00002974,Tees_Tanks
id_00002975,Rompers_Jumpsuits
id_00002976,Dresses
id_00002977,Sweatshirts_Hoodies
id_00002978,Jackets_Coats
id_00002979,Dresses
id_00002980,Dresses
id_00002981,Tees_Tanks
id_00002982,Blouses_Shirts
id_00002983,Blouses_Shirts
id_00002984,Pants
id_00002985,Leggings
id_00002986,Skirts
id_00002987,Dresses
id_00002988,Tees_Tanks
id_00002989,Blouses_Shirts
id_00002990,Dresses
id_00002991,Blouses_Shirts
id_00002992,Dresses
id_00002993,Dresses
id_00002994,Tees_Tanks
id_00002995,Cardigans
id_00002996,Dresses
id_00002997,Blouses_Shirts
id_00002998,Dresses
id_00002999,Jackets_Coats
id_00003000,Tees_Tanks
id_00003001,Tees_Tanks
id_00003002,Tees_Tanks
id_00003003,Dresses
id_00003004,Denim
id_00003005,Rompers_Jumpsuits
id_00003006,Tees_Tanks
id_00003007,Dresses
id_00003008,Blouses_Shirts
id_00003009,Shirts_Polos
id_00003010,Sweaters
id_00003011,Jackets_Coats
id_00003012,Jackets_Coats
id_00003013,Graphic_Tees
id_00003014,Blouses_Shirts
id_00003015,Jackets_Coats
id_00003016,Blouses_Shirts
id_00003017,Blouses_Shirts
id_00003018,Blouses_Shirts
id_00003019,Graphic_Tees
id_00003020,Tees_Tanks
id_00003021,Tees_Tanks
id_00003022,Dresses
id_00003023,Sweaters
id_00003024,Graphic_Tees
id_00003025,Pants
id_00003026,Jackets_Coats
id_00003027,Rompers_Jumpsuits
id_00003028,Shorts
id_00003029,Dresses
id_00003030,Pants
id_00003031,Tees_Tanks
id_00003032,Dresses
id_00003033,Blouses_Shirts
id_00003034,Sweaters
id_00003035,Blouses_Shirts
id_00003036,Blouses_Shirts
id_00003037,Tees_Tanks
id_00003038,Sweaters
id_00003039,Sweatshirts_Hoodies
id_00003040,Graphic_Tees
id_00003041,Dresses
id_00003042,Cardigans
id_00003043,Tees_Tanks
id_00003044,Sweaters
id_00003045,Blouses_Shirts
id_00003046,Pants
id_00003047,Dresses
id_00003048,Tees_Tanks
id_00003049,Sweaters
id_00003050,Skirts
id_00003051,Jackets_Coats
id_00003052,Tees_Tanks
id_00003053,Blouses_Shirts
id_00003054,Blouses_Shirts
id_00003055,Tees_Tanks
id_00003056,Dresses
id_00003057,Dresses
id_00003058,Tees_Tanks
id_00003059,Dresses
id_00003060,Sweatshirts_Hoodies
id_00003061,Shorts
id_00003062,Tees_Tanks
id_00003063,Pants
id_00003064,Sweatshirts_Hoodies
id_00003065,Blouses_Shirts
id_00003066,Blouses_Shirts
id_00003067,Shorts
id_00003068,Tees_Tanks
id_00003069,Graphic_Tees
id_00003070,Skirts
id_00003071,Tees_Tanks
id_00003072,Graphic_Tees
id_00003073,Graphic_Tees
id_00003074,Denim
id_00003075,Rompers_Jumpsuits
id_00003076,Tees_Tanks
id_00003077,Shorts
id_00003078,Blouses_Shirts
id_00003079,Pants
id_00003080,Blouses_Shirts
id_00003081,Dresses
id_00003082,Blouses_Shirts
id_00003083,Pants
id_00003084,Tees_Tanks
id_00003085,Blouses_Shirts
id_00003086,Pants
id_00003087,Shorts
id_00003088,Dresses
id_00003089,Blouses_Shirts
id_00003090,Dresses
id_00003091,Cardigans
id_00003092,Shorts
id_00003093,Tees_Tanks
id_00003094,Graphic_Tees
id_00003095,Tees_Tanks
id_00003096,Pants
id_00003097,Cardigans
id_00003098,Denim
id_00003099,Blouses_Shirts
id_00003100,Pants
id_00003101,Rompers_Jumpsuits
id_00003102,Blouses_Shirts
id_00003103,Dresses
id_00003104,Shorts
id_00003105,Tees_Tanks
id_00003106,Shorts
id_00003107,Tees_Tanks
id_00003108,Graphic_Tees
id_00003109,Sweaters
id_00003110,Dresses
id_00003111,Pants
id_00003112,Blouses_Shirts
id_00003113,Blouses_Shirts
id_00003114,Tees_Tanks
id_00003115,Blouses_Shirts
id_00003116,Tees_Tanks
id_00003117,Tees_Tanks
id_00003118,Blouses_Shirts
id_00003119,Tees_Tanks
id_00003120,Blouses_Shirts
id_00003121,Dresses
id_00003122,Dresses
id_00003123,Sweatshirts_Hoodies
id_00003124,Tees_Tanks
id_00003125,Shorts
id_00003126,Sweaters
id_00003127,Tees_Tanks
id_00003128,Tees_Tanks
id_00003129,Blouses_Shirts
id_00003130,Rompers_Jumpsuits
id_00003131,Shirts_Polos
id_00003132,Tees_Tanks
id_00003133,Pants
id_00003134,Sweatshirts_Hoodies
id_00003135,Blouses_Shirts
id_00003136,Shirts_Polos
id_00003137,Tees_Tanks
id_00003138,Dresses
id_00003139,Rompers_Jumpsuits
id_00003140,Tees_Tanks
id_00003141,Blouses_Shirts
id_00003142,Blouses_Shirts
id_00003143,Pants
id_00003144,Pants
id_00003145,Shorts
id_00003146,Dresses
id_00003147,Dresses
id_00003148,Tees_Tanks
id_00003149,Sweaters
id_00003150,Cardigans
id_00003151,Graphic_Tees
id_00003152,Sweaters
id_00003153,Sweatshirts_Hoodies
id_00003154,Tees_Tanks
id_00003155,Blouses_Shirts
id_00003156,Skirts
id_00003157,Tees_Tanks
id_00003158,Tees_Tanks
id_00003159,Rompers_Jumpsuits
id_00003160,Tees_Tanks
id_00003161,Blouses_Shirts
id_00003162,Blouses_Shirts
id_00003163,Jackets_Coats
id_00003164,Sweatshirts_Hoodies
id_00003165,Rompers_Jumpsuits
id_00003166,Rompers_Jumpsuits
id_00003167,Dresses
id_00003168,Sweaters
id_00003169,Dresses
id_00003170,Graphic_Tees
id_00003171,Dresses
id_00003172,Tees_Tanks
id_00003173,Tees_Tanks
id_00003174,Dresses
id_00003175,Denim
id_00003176,Pants
id_00003177,Tees_Tanks
id_00003178,Skirts
id_00003179,Tees_Tanks
id_00003180,Tees_Tanks
id_00003181,Tees_Tanks
id_00003182,Dresses
id_00003183,Skirts
id_00003184,Shorts
id_00003185,Tees_Tanks
id_00003186,Tees_Tanks
id_00003187,Tees_Tanks
id_00003188,Sweaters
id_00003189,Graphic_Tees
id_00003190,Sweaters
id_00003191,Rompers_Jumpsuits
id_00003192,Blouses_Shirts
id_00003193,Skirts
id_00003194,Tees_Tanks
id_00003195,Shorts
id_00003196,Tees_Tanks
id_00003197,Tees_Tanks
id_00003198,Blouses_Shirts
id_00003199,Graphic_Tees
id_00003200,Blouses_Shirts
id_00003201,Jackets_Coats
id_00003202,Pants
id_00003203,Tees_Tanks
id_00003204,Tees_Tanks
id_00003205,Blouses_Shirts
id_00003206,Dresses
id_00003207,Jackets_Coats
id_00003208,Shorts
id_00003209,Blouses_Shirts
id_00003210,Dresses
id_00003211,Tees_Tanks
id_00003212,Sweatshirts_Hoodies
id_00003213,Skirts
id_00003214,Sweaters
id_00003215,Dresses
id_00003216,Sweaters
id_00003217,Blouses_Shirts
id_00003218,Blouses_Shirts
id_00003219,Shirts_Polos
id_00003220,Blouses_Shirts
id_00003221,Sweaters
id_00003222,Dresses
id_00003223,Tees_Tanks
id_00003224,Sweaters
id_00003225,Sweatshirts_Hoodies
id_00003226,Tees_Tanks
id_00003227,Cardigans
id_00003228,Tees_Tanks
id_00003229,Tees_Tanks
id_00003230,Blouses_Shirts
id_00003231,Dresses
id_00003232,Blouses_Shirts
id_00003233,Sweaters
id_00003234,Dresses
id_00003235,Cardigans
id_00003236,Pants
id_00003237,Cardigans
id_00003238,Sweaters
id_00003239,Blouses_Shirts
id_00003240,Denim
id_00003241,Tees_Tanks
id_00003242,Denim
id_00003243,Graphic_Tees
id_00003244,Graphic_Tees
id_00003245,Cardigans
id_00003246,Dresses
id_00003247,Tees_Tanks
id_00003248,Graphic_Tees
id_00003249,Tees_Tanks
id_00003250,Dresses
id_00003251,Dresses
id_00003252,Denim
id_00003253,Sweatshirts_Hoodies
id_00003254,Cardigans
id_00003255,Dresses
id_00003256,Graphic_Tees
id_00003257,Blouses_Shirts
id_00003258,Pants
id_00003259,Tees_Tanks
id_00003260,Sweaters
id_00003261,Tees_Tanks
id_00003262,Tees_Tanks
id_00003263,Blouses_Shirts
id_00003264,Dresses
id_00003265,Blouses_Shirts
id_00003266,Graphic_Tees
id_00003267,Dresses
id_00003268,Tees_Tanks
id_00003269,Shorts
id_00003270,Blouses_Shirts
id_00003271,Shorts
id_00003272,Rompers_Jumpsuits
id_00003273,Tees_Tanks
id_00003274,Dresses
id_00003275,Shorts
id_00003276,Dresses
id_00003277,Skirts
id_00003278,Tees_Tanks
id_00003279,Cardigans
id_00003280,Shorts
id_00003281,Jackets_Coats
id_00003282,Graphic_Tees
id_00003283,Dresses
id_00003284,Pants
id_00003285,Sweaters
id_00003286,Tees_Tanks
id_00003287,Sweatshirts_Hoodies
id_00003288,Blouses_Shirts
id_00003289,Dresses
id_00003290,Pants
id_00003291,Tees_Tanks
id_00003292,Rompers_Jumpsuits
id_00003293,Shorts
id_00003294,Graphic_Tees
id_00003295,Denim
id_00003296,Pants
id_00003297,Shorts
id_00003298,Blouses_Shirts
id_00003299,Blouses_Shirts
id_00003300,Pants
id_00003301,Pants
id_00003302,Sweatshirts_Hoodies
id_00003303,Blouses_Shirts
id_00003304,Sweaters
id_00003305,Shorts
id_00003306,Tees_Tanks
id_00003307,Rompers_Jumpsuits
id_00003308,Sweatshirts_Hoodies
id_00003309,Shorts
id_00003310,Sweaters
id_00003311,Jackets_Vests
id_00003312,Tees_Tanks
id_00003313,Blouses_Shirts
id_00003314,Denim
id_00003315,Tees_Tanks
id_00003316,Skirts
id_00003317,Blouses_Shirts
id_00003318,Sweatshirts_Hoodies
id_00003319,Skirts
id_00003320,Shorts
id_00003321,Denim
id_00003322,Graphic_Tees
id_00003323,Tees_Tanks
id_00003324,Shorts
id_00003325,Blouses_Shirts
id_00003326,Dresses
id_00003327,Pants
id_00003328,Blouses_Shirts
id_00003329,Shirts_Polos
id_00003330,Tees_Tanks
id_00003331,Dresses
id_00003332,Dresses
id_00003333,Shorts
id_00003334,Pants
id_00003335,Tees_Tanks
id_00003336,Jackets_Vests
id_00003337,Dresses
id_00003338,Tees_Tanks
id_00003339,Pants
id_00003340,Cardigans
id_00003341,Denim
id_00003342,Tees_Tanks
id_00003343,Tees_Tanks
id_00003344,Tees_Tanks
id_00003345,Jackets_Coats
id_00003346,Graphic_Tees
id_00003347,Denim
id_00003348,Blouses_Shirts
id_00003349,Tees_Tanks
id_00003350,Tees_Tanks
id_00003351,Tees_Tanks
id_00003352,Blouses_Shirts
id_00003353,Blouses_Shirts
id_00003354,Tees_Tanks
id_00003355,Dresses
id_00003356,Pants
id_00003357,Tees_Tanks
id_00003358,Blouses_Shirts
id_00003359,Leggings
id_00003360,Blouses_Shirts
id_00003361,Tees_Tanks
id_00003362,Blouses_Shirts
id_00003363,Graphic_Tees
id_00003364,Blouses_Shirts
id_00003365,Dresses
id_00003366,Cardigans
id_00003367,Dresses
id_00003368,Graphic_Tees
id_00003369,Pants
id_00003370,Blouses_Shirts
id_00003371,Tees_Tanks
id_00003372,Blouses_Shirts
id_00003373,Sweaters
id_00003374,Blouses_Shirts
id_00003375,Tees_Tanks
id_00003376,Blouses_Shirts
id_00003377,Jackets_Coats
id_00003378,Blouses_Shirts
id_00003379,Jackets_Coats
id_00003380,Tees_Tanks
id_00003381,Tees_Tanks
id_00003382,Blouses_Shirts
id_00003383,Tees_Tanks
id_00003384,Tees_Tanks
id_00003385,Tees_Tanks
id_00003386,Skirts
id_00003387,Blouses_Shirts
id_00003388,Tees_Tanks
id_00003389,Tees_Tanks
id_00003390,Dresses
id_00003391,Skirts
id_00003392,Dresses
id_00003393,Sweaters
id_00003394,Rompers_Jumpsuits
id_00003395,Rompers_Jumpsuits
id_00003396,Blouses_Shirts
id_00003397,Dresses
id_00003398,Tees_Tanks
id_00003399,Dresses
id_00003400,Sweaters
id_00003401,Blouses_Shirts
id_00003402,Skirts
id_00003403,Dresses
id_00003404,Denim
id_00003405,Tees_Tanks
id_00003406,Blouses_Shirts
id_00003407,Graphic_Tees
id_00003408,Rompers_Jumpsuits
id_00003409,Blouses_Shirts
id_00003410,Tees_Tanks
id_00003411,Tees_Tanks
id_00003412,Shorts
id_00003413,Tees_Tanks
id_00003414,Blouses_Shirts
id_00003415,Tees_Tanks
id_00003416,Tees_Tanks
id_00003417,Pants
id_00003418,Blouses_Shirts
id_00003419,Jackets_Coats
id_00003420,Tees_Tanks
id_00003421,Tees_Tanks
id_00003422,Dresses
id_00003423,Blouses_Shirts
id_00003424,Blouses_Shirts
id_00003425,Tees_Tanks
id_00003426,Dresses
id_00003427,Sweaters
id_00003428,Sweatshirts_Hoodies
id_00003429,Tees_Tanks
id_00003430,Shorts
id_00003431,Blouses_Shirts
id_00003432,Shorts
id_00003433,Sweaters
id_00003434,Tees_Tanks
id_00003435,Blouses_Shirts
id_00003436,Sweatshirts_Hoodies
id_00003437,Pants
id_00003438,Jackets_Coats
id_00003439,Shirts_Polos
id_00003440,Skirts
id_00003441,Tees_Tanks
id_00003442,Pants
id_00003443,Rompers_Jumpsuits
id_00003444,Blouses_Shirts
id_00003445,Jackets_Coats
id_00003446,Jackets_Coats
id_00003447,Blouses_Shirts
id_00003448,Tees_Tanks
id_00003449,Tees_Tanks
id_00003450,Pants
id_00003451,Shorts
id_00003452,Graphic_Tees
id_00003453,Blouses_Shirts
id_00003454,Tees_Tanks
id_00003455,Dresses
id_00003456,Blouses_Shirts
id_00003457,Dresses
id_00003458,Tees_Tanks
id_00003459,Dresses
id_00003460,Tees_Tanks
id_00003461,Pants
id_00003462,Pants
id_00003463,Tees_Tanks
id_00003464,Dresses
id_00003465,Tees_Tanks
id_00003466,Sweaters
id_00003467,Tees_Tanks
id_00003468,Dresses
id_00003469,Blouses_Shirts
id_00003470,Tees_Tanks
id_00003471,Dresses
id_00003472,Blouses_Shirts
id_00003473,Dresses
id_00003474,Blouses_Shirts
id_00003475,Blouses_Shirts
id_00003476,Tees_Tanks
id_00003477,Jackets_Coats
id_00003478,Sweaters
id_00003479,Sweaters
id_00003480,Jackets_Coats
id_00003481,Shorts
id_00003482,Pants
id_00003483,Dresses
id_00003484,Shorts
id_00003485,Dresses
id_00003486,Blouses_Shirts
id_00003487,Blouses_Shirts
id_00003488,Sweaters
id_00003489,Shirts_Polos
id_00003490,Dresses
id_00003491,Dresses
id_00003492,Cardigans
id_00003493,Tees_Tanks
id_00003494,Tees_Tanks
id_00003495,Tees_Tanks
id_00003496,Rompers_Jumpsuits
id_00003497,Sweatshirts_Hoodies
id_00003498,Blouses_Shirts
id_00003499,Dresses
id_00003500,Tees_Tanks
id_00003501,Blouses_Shirts
id_00003502,Blouses_Shirts
id_00003503,Denim
id_00003504,Tees_Tanks
id_00003505,Blouses_Shirts
id_00003506,Dresses
id_00003507,Dresses
id_00003508,Blouses_Shirts
id_00003509,Tees_Tanks
id_00003510,Tees_Tanks
id_00003511,Dresses
id_00003512,Blouses_Shirts
id_00003513,Skirts
id_00003514,Shorts
id_00003515,Pants
id_00003516,Dresses
id_00003517,Pants
id_00003518,Skirts
id_00003519,Pants
id_00003520,Rompers_Jumpsuits
id_00003521,Skirts
id_00003522,Jackets_Coats
id_00003523,Tees_Tanks
id_00003524,Sweatshirts_Hoodies
id_00003525,Blouses_Shirts
id_00003526,Shorts
id_00003527,Sweaters
id_00003528,Sweaters
id_00003529,Dresses
id_00003530,Skirts
id_00003531,Blouses_Shirts
id_00003532,Dresses
id_00003533,Graphic_Tees
id_00003534,Graphic_Tees
id_00003535,Tees_Tanks
id_00003536,Rompers_Jumpsuits
id_00003537,Shorts
id_00003538,Tees_Tanks
id_00003539,Jackets_Coats
id_00003540,Blouses_Shirts
id_00003541,Blouses_Shirts
id_00003542,Cardigans
id_00003543,Leggings
id_00003544,Shorts
id_00003545,Graphic_Tees
id_00003546,Blouses_Shirts
id_00003547,Sweaters
id_00003548,Dresses
id_00003549,Blouses_Shirts
id_00003550,Rompers_Jumpsuits
id_00003551,Sweatshirts_Hoodies
id_00003552,Rompers_Jumpsuits
id_00003553,Shorts
id_00003554,Skirts
id_00003555,Sweaters
id_00003556,Dresses
id_00003557,Blouses_Shirts
id_00003558,Tees_Tanks
id_00003559,Sweatshirts_Hoodies
id_00003560,Skirts
id_00003561,Rompers_Jumpsuits
id_00003562,Cardigans
id_00003563,Pants
id_00003564,Pants
id_00003565,Dresses
id_00003566,Tees_Tanks
id_00003567,Jackets_Coats
id_00003568,Rompers_Jumpsuits
id_00003569,Sweaters
id_00003570,Denim
id_00003571,Sweatshirts_Hoodies
id_00003572,Jackets_Coats
id_00003573,Tees_Tanks
id_00003574,Rompers_Jumpsuits
id_00003575,Tees_Tanks
id_00003576,Cardigans
id_00003577,Shorts
id_00003578,Shorts
id_00003579,Sweatshirts_Hoodies
id_00003580,Tees_Tanks
id_00003581,Tees_Tanks
id_00003582,Dresses
id_00003583,Shorts
id_00003584,Dresses
id_00003585,Sweaters
id_00003586,Sweaters
id_00003587,Sweatshirts_Hoodies
id_00003588,Blouses_Shirts
id_00003589,Cardigans
id_00003590,Tees_Tanks
id_00003591,Dresses
id_00003592,Tees_Tanks
id_00003593,Jackets_Coats
id_00003594,Pants
id_00003595,Sweatshirts_Hoodies
id_00003596,Tees_Tanks
id_00003597,Blouses_Shirts
id_00003598,Skirts
id_00003599,Sweaters
id_00003600,Tees_Tanks
id_00003601,Blouses_Shirts
id_00003602,Blouses_Shirts
id_00003603,Dresses
id_00003604,Cardigans
id_00003605,Cardigans
id_00003606,Skirts
id_00003607,Tees_Tanks
id_00003608,Pants
id_00003609,Sweaters
id_00003610,Blouses_Shirts
id_00003611,Dresses
id_00003612,Pants
id_00003613,Shorts
id_00003614,Pants
id_00003615,Blouses_Shirts
id_00003616,Tees_Tanks
id_00003617,Cardigans
id_00003618,Skirts
id_00003619,Blouses_Shirts
id_00003620,Blouses_Shirts
id_00003621,Shorts
id_00003622,Tees_Tanks
id_00003623,Cardigans
id_00003624,Dresses
id_00003625,Dresses
id_00003626,Blouses_Shirts
id_00003627,Dresses
id_00003628,Tees_Tanks
id_00003629,Tees_Tanks
id_00003630,Blouses_Shirts
id_00003631,Sweaters
id_00003632,Sweaters
id_00003633,Sweatshirts_Hoodies
id_00003634,Tees_Tanks
id_00003635,Blouses_Shirts
id_00003636,Graphic_Tees
id_00003637,Pants
id_00003638,Tees_Tanks
id_00003639,Shorts
id_00003640,Tees_Tanks
id_00003641,Blouses_Shirts
id_00003642,Tees_Tanks
id_00003643,Sweaters
id_00003644,Cardigans
id_00003645,Dresses
id_00003646,Dresses
id_00003647,Leggings
id_00003648,Dresses
id_00003649,Blouses_Shirts
id_00003650,Tees_Tanks
id_00003651,Dresses
id_00003652,Blouses_Shirts
id_00003653,Tees_Tanks
id_00003654,Dresses
id_00003655,Shorts
id_00003656,Jackets_Coats
id_00003657,Shorts
id_00003658,Blouses_Shirts
id_00003659,Dresses
id_00003660,Sweatshirts_Hoodies
id_00003661,Dresses
id_00003662,Jackets_Coats
id_00003663,Blouses_Shirts
id_00003664,Jackets_Coats
id_00003665,Tees_Tanks
id_00003666,Blouses_Shirts
id_00003667,Tees_Tanks
id_00003668,Shorts
id_00003669,Cardigans
id_00003670,Dresses
id_00003671,Sweaters
id_00003672,Tees_Tanks
id_00003673,Sweaters
id_00003674,Skirts
id_00003675,Dresses
id_00003676,Sweaters
id_00003677,Dresses
id_00003678,Tees_Tanks
id_00003679,Blouses_Shirts
id_00003680,Blouses_Shirts
id_00003681,Shorts
id_00003682,Tees_Tanks
id_00003683,Pants
id_00003684,Dresses
id_00003685,Tees_Tanks
id_00003686,Cardigans
id_00003687,Tees_Tanks
id_00003688,Shorts
id_00003689,Cardigans
id_00003690,Rompers_Jumpsuits
id_00003691,Dresses
id_00003692,Sweaters
id_00003693,Sweaters
id_00003694,Dresses
id_00003695,Dresses
id_00003696,Cardigans
id_00003697,Sweatshirts_Hoodies
id_00003698,Shorts
id_00003699,Sweaters
id_00003700,Jackets_Coats
id_00003701,Dresses
id_00003702,Pants
id_00003703,Dresses
id_00003704,Tees_Tanks
id_00003705,Dresses
id_00003706,Shirts_Polos
id_00003707,Blouses_Shirts
id_00003708,Sweatshirts_Hoodies
id_00003709,Shorts
id_00003710,Tees_Tanks
id_00003711,Blouses_Shirts
id_00003712,Shorts
id_00003713,Tees_Tanks
id_00003714,Blouses_Shirts
id_00003715,Blouses_Shirts
id_00003716,Graphic_Tees
id_00003717,Dresses
id_00003718,Blouses_Shirts
id_00003719,Blouses_Shirts
id_00003720,Dresses
id_00003721,Jackets_Coats
id_00003722,Tees_Tanks
id_00003723,Blouses_Shirts
id_00003724,Tees_Tanks
id_00003725,Shirts_Polos
id_00003726,Sweaters
id_00003727,Sweaters
id_00003728,Sweaters
id_00003729,Dresses
id_00003730,Rompers_Jumpsuits
id_00003731,Skirts
id_00003732,Tees_Tanks
id_00003733,Sweaters
id_00003734,Denim
id_00003735,Dresses
id_00003736,Tees_Tanks
id_00003737,Dresses
id_00003738,Blouses_Shirts
id_00003739,Shorts
id_00003740,Dresses
id_00003741,Blouses_Shirts
id_00003742,Dresses
id_00003743,Denim
id_00003744,Dresses
id_00003745,Tees_Tanks
id_00003746,Rompers_Jumpsuits
id_00003747,Graphic_Tees
id_00003748,Rompers_Jumpsuits
id_00003749,Blouses_Shirts
id_00003750,Blouses_Shirts
id_00003751,Sweatshirts_Hoodies
id_00003752,Sweatshirts_Hoodies
id_00003753,Tees_Tanks
id_00003754,Shorts
id_00003755,Tees_Tanks
id_00003756,Shorts
id_00003757,Blouses_Shirts
id_00003758,Blouses_Shirts
id_00003759,Tees_Tanks
id_00003760,Shorts
id_00003761,Pants
id_00003762,Blouses_Shirts
id_00003763,Skirts
id_00003764,Rompers_Jumpsuits
id_00003765,Blouses_Shirts
id_00003766,Blouses_Shirts
id_00003767,Tees_Tanks
id_00003768,Tees_Tanks
id_00003769,Shorts
id_00003770,Tees_Tanks
id_00003771,Tees_Tanks
id_00003772,Blouses_Shirts
id_00003773,Graphic_Tees
id_00003774,Shorts
id_00003775,Tees_Tanks
id_00003776,Tees_Tanks
id_00003777,Blouses_Shirts
id_00003778,Cardigans
id_00003779,Blouses_Shirts
id_00003780,Sweatshirts_Hoodies
id_00003781,Jackets_Coats
id_00003782,Skirts
id_00003783,Skirts
id_00003784,Dresses
id_00003785,Dresses
id_00003786,Tees_Tanks
id_00003787,Graphic_Tees
id_00003788,Blouses_Shirts
id_00003789,Sweaters
id_00003790,Tees_Tanks
id_00003791,Blouses_Shirts
id_00003792,Blouses_Shirts
id_00003793,Shorts
id_00003794,Tees_Tanks
id_00003795,Sweatshirts_Hoodies
id_00003796,Dresses
id_00003797,Tees_Tanks
id_00003798,Sweatshirts_Hoodies
id_00003799,Blouses_Shirts
id_00003800,Dresses
id_00003801,Tees_Tanks
id_00003802,Blouses_Shirts
id_00003803,Graphic_Tees
id_00003804,Blouses_Shirts
id_00003805,Cardigans
id_00003806,Tees_Tanks
id_00003807,Blouses_Shirts
id_00003808,Blouses_Shirts
id_00003809,Shorts
id_00003810,Shorts
id_00003811,Blouses_Shirts
id_00003812,Tees_Tanks
id_00003813,Dresses
id_00003814,Blouses_Shirts
id_00003815,Blouses_Shirts
id_00003816,Skirts
id_00003817,Jackets_Coats
id_00003818,Blouses_Shirts
id_00003819,Blouses_Shirts
id_00003820,Blouses_Shirts
id_00003821,Graphic_Tees
id_00003822,Blouses_Shirts
id_00003823,Sweatshirts_Hoodies
id_00003824,Tees_Tanks
id_00003825,Graphic_Tees
id_00003826,Sweaters
id_00003827,Pants
id_00003828,Tees_Tanks
id_00003829,Pants
id_00003830,Dresses
id_00003831,Pants
id_00003832,Blouses_Shirts
id_00003833,Dresses
id_00003834,Sweatshirts_Hoodies
id_00003835,Dresses
id_00003836,Blouses_Shirts
id_00003837,Shorts
id_00003838,Blouses_Shirts
id_00003839,Jackets_Coats
id_00003840,Blouses_Shirts
id_00003841,Tees_Tanks
id_00003842,Sweaters
id_00003843,Pants
id_00003844,Jackets_Coats
id_00003845,Denim
id_00003846,Dresses
id_00003847,Tees_Tanks
id_00003848,Dresses
id_00003849,Tees_Tanks
id_00003850,Leggings
id_00003851,Tees_Tanks
id_00003852,Blouses_Shirts
id_00003853,Sweatshirts_Hoodies
id_00003854,Blouses_Shirts
id_00003855,Dresses
id_00003856,Tees_Tanks
id_00003857,Jackets_Coats
id_00003858,Jackets_Coats
id_00003859,Tees_Tanks
id_00003860,Shirts_Polos
id_00003861,Rompers_Jumpsuits
id_00003862,Tees_Tanks
id_00003863,Skirts
id_00003864,Blouses_Shirts
id_00003865,Tees_Tanks
id_00003866,Dresses
id_00003867,Sweaters
id_00003868,Tees_Tanks
id_00003869,Dresses
id_00003870,Sweaters
id_00003871,Shorts
id_00003872,Pants
id_00003873,Sweaters
id_00003874,Tees_Tanks
id_00003875,Sweaters
id_00003876,Shorts
id_00003877,Tees_Tanks
id_00003878,Dresses
id_00003879,Denim
id_00003880,Jackets_Coats
id_00003881,Blouses_Shirts
id_00003882,Blouses_Shirts
id_00003883,Blouses_Shirts
id_00003884,Tees_Tanks
id_00003885,Tees_Tanks
id_00003886,Tees_Tanks
id_00003887,Blouses_Shirts
id_00003888,Tees_Tanks
id_00003889,Blouses_Shirts
id_00003890,Dresses
id_00003891,Graphic_Tees
id_00003892,Dresses
id_00003893,Rompers_Jumpsuits
id_00003894,Pants
id_00003895,Dresses
id_00003896,Sweatshirts_Hoodies
id_00003897,Tees_Tanks
id_00003898,Tees_Tanks
id_00003899,Shirts_Polos
id_00003900,Blouses_Shirts
id_00003901,Shorts
id_00003902,Graphic_Tees
id_00003903,Tees_Tanks
id_00003904,Dresses
id_00003905,Skirts
id_00003906,Sweaters
id_00003907,Tees_Tanks
id_00003908,Leggings
id_00003909,Shorts
id_00003910,Tees_Tanks
id_00003911,Pants
id_00003912,Dresses
id_00003913,Sweaters
id_00003914,Blouses_Shirts
id_00003915,Tees_Tanks
id_00003916,Tees_Tanks
id_00003917,Tees_Tanks
id_00003918,Jackets_Coats
id_00003919,Pants
id_00003920,Dresses
id_00003921,Dresses
id_00003922,Tees_Tanks
id_00003923,Tees_Tanks
id_00003924,Cardigans
id_00003925,Dresses
id_00003926,Sweaters
id_00003927,Blouses_Shirts
id_00003928,Dresses
id_00003929,Pants
id_00003930,Sweaters
id_00003931,Dresses
id_00003932,Tees_Tanks
id_00003933,Blouses_Shirts
id_00003934,Shorts
id_00003935,Tees_Tanks
id_00003936,Shorts
id_00003937,Graphic_Tees
id_00003938,Tees_Tanks
id_00003939,Cardigans
id_00003940,Blouses_Shirts
id_00003941,Tees_Tanks
id_00003942,Jackets_Coats
id_00003943,Tees_Tanks
id_00003944,Pants
id_00003945,Pants
id_00003946,Shorts
id_00003947,Tees_Tanks
id_00003948,Blouses_Shirts
id_00003949,Shorts
id_00003950,Tees_Tanks
id_00003951,Sweaters
id_00003952,Blouses_Shirts
id_00003953,Dresses
id_00003954,Dresses
id_00003955,Dresses
id_00003956,Dresses
id_00003957,Tees_Tanks
id_00003958,Blouses_Shirts
id_00003959,Tees_Tanks
id_00003960,Dresses
id_00003961,Blouses_Shirts
id_00003962,Graphic_Tees
id_00003963,Sweatshirts_Hoodies
id_00003964,Blouses_Shirts
id_00003965,Rompers_Jumpsuits
id_00003966,Tees_Tanks
id_00003967,Tees_Tanks
id_00003968,Blouses_Shirts
id_00003969,Blouses_Shirts
id_00003970,Dresses
id_00003971,Tees_Tanks
id_00003972,Sweatshirts_Hoodies
id_00003973,Shorts
id_00003974,Blouses_Shirts
id_00003975,Dresses
id_00003976,Dresses
id_00003977,Shorts
id_00003978,Jackets_Coats
id_00003979,Dresses
id_00003980,Tees_Tanks
id_00003981,Blouses_Shirts
id_00003982,Skirts
id_00003983,Pants
id_00003984,Sweaters
id_00003985,Rompers_Jumpsuits
id_00003986,Graphic_Tees
id_00003987,Blouses_Shirts
id_00003988,Tees_Tanks
id_00003989,Jackets_Coats
id_00003990,Jackets_Coats
id_00003991,Shorts
id_00003992,Rompers_Jumpsuits
id_00003993,Cardigans
id_00003994,Pants
id_00003995,Skirts
id_00003996,Jackets_Coats
id_00003997,Blouses_Shirts
id_00003998,Shorts
id_00003999,Blouses_Shirts
id_00004000,Shorts
id_00004001,Skirts
id_00004002,Tees_Tanks
id_00004003,Pants
id_00004004,Jackets_Coats
id_00004005,Dresses
id_00004006,Jackets_Coats
id_00004007,Sweatshirts_Hoodies
id_00004008,Sweatshirts_Hoodies
id_00004009,Shorts
id_00004010,Shorts
id_00004011,Sweaters
id_00004012,Tees_Tanks
id_00004013,Skirts
id_00004014,Jackets_Vests
id_00004015,Pants
id_00004016,Graphic_Tees
id_00004017,Dresses
id_00004018,Dresses
id_00004019,Pants
id_00004020,Blouses_Shirts
id_00004021,Blouses_Shirts
id_00004022,Pants
id_00004023,Sweaters
id_00004024,Dresses
id_00004025,Dresses
id_00004026,Tees_Tanks
id_00004027,Dresses
id_00004028,Tees_Tanks
id_00004029,Tees_Tanks
id_00004030,Tees_Tanks
id_00004031,Sweatshirts_Hoodies
id_00004032,Tees_Tanks
id_00004033,Tees_Tanks
id_00004034,Tees_Tanks
id_00004035,Blouses_Shirts
id_00004036,Graphic_Tees
id_00004037,Shorts
id_00004038,Tees_Tanks
id_00004039,Blouses_Shirts
id_00004040,Blouses_Shirts
id_00004041,Blouses_Shirts
id_00004042,Tees_Tanks
id_00004043,Blouses_Shirts
id_00004044,Dresses
id_00004045,Pants
id_00004046,Tees_Tanks
id_00004047,Tees_Tanks
id_00004048,Sweaters
id_00004049,Dresses
id_00004050,Jackets_Coats
id_00004051,Denim
id_00004052,Cardigans
id_00004053,Tees_Tanks
id_00004054,Blouses_Shirts
id_00004055,Denim
id_00004056,Blouses_Shirts
id_00004057,Cardigans
id_00004058,Shorts
id_00004059,Pants
id_00004060,Blouses_Shirts
id_00004061,Dresses
id_00004062,Jackets_Coats
id_00004063,Pants
id_00004064,Denim
id_00004065,Jackets_Coats
id_00004066,Shorts
id_00004067,Blouses_Shirts
id_00004068,Dresses
id_00004069,Tees_Tanks
id_00004070,Pants
id_00004071,Shorts
id_00004072,Pants
id_00004073,Leggings
id_00004074,Sweatshirts_Hoodies
id_00004075,Skirts
id_00004076,Sweaters
id_00004077,Dresses
id_00004078,Tees_Tanks
id_00004079,Dresses
id_00004080,Blouses_Shirts
id_00004081,Dresses
id_00004082,Dresses
id_00004083,Tees_Tanks
id_00004084,Shorts
id_00004085,Dresses
id_00004086,Sweatshirts_Hoodies
id_00004087,Pants
id_00004088,Tees_Tanks
id_00004089,Sweaters
id_00004090,Blouses_Shirts
id_00004091,Dresses
id_00004092,Tees_Tanks
id_00004093,Dresses
id_00004094,Pants
id_00004095,Sweaters
id_00004096,Tees_Tanks
id_00004097,Shorts
id_00004098,Jackets_Coats
id_00004099,Tees_Tanks
id_00004100,Pants
id_00004101,Dresses
id_00004102,Dresses
id_00004103,Sweaters
id_00004104,Tees_Tanks
id_00004105,Tees_Tanks
id_00004106,Blouses_Shirts
id_00004107,Blouses_Shirts
id_00004108,Jackets_Coats
id_00004109,Denim
id_00004110,Tees_Tanks
id_00004111,Blouses_Shirts
id_00004112,Dresses
id_00004113,Blouses_Shirts
id_00004114,Skirts
id_00004115,Tees_Tanks
id_00004116,Blouses_Shirts
id_00004117,Tees_Tanks
id_00004118,Shirts_Polos
id_00004119,Sweaters
id_00004120,Tees_Tanks
id_00004121,Pants
id_00004122,Blouses_Shirts
id_00004123,Leggings
id_00004124,Dresses
id_00004125,Blouses_Shirts
id_00004126,Tees_Tanks
id_00004127,Dresses
id_00004128,Shorts
id_00004129,Dresses
id_00004130,Dresses
id_00004131,Shorts
id_00004132,Tees_Tanks
id_00004133,Dresses
id_00004134,Tees_Tanks
id_00004135,Tees_Tanks
id_00004136,Dresses
id_00004137,Pants
id_00004138,Dresses
id_00004139,Skirts
id_00004140,Blouses_Shirts
id_00004141,Sweaters
id_00004142,Tees_Tanks
id_00004143,Rompers_Jumpsuits
id_00004144,Tees_Tanks
id_00004145,Tees_Tanks
id_00004146,Tees_Tanks
id_00004147,Dresses
id_00004148,Shorts
id_00004149,Graphic_Tees
id_00004150,Sweaters
id_00004151,Blouses_Shirts
id_00004152,Tees_Tanks
id_00004153,Tees_Tanks
id_00004154,Tees_Tanks
id_00004155,Jackets_Coats
id_00004156,Tees_Tanks
id_00004157,Blouses_Shirts
id_00004158,Jackets_Coats
id_00004159,Tees_Tanks
id_00004160,Tees_Tanks
id_00004161,Dresses
id_00004162,Skirts
id_00004163,Pants
id_00004164,Blouses_Shirts
id_00004165,Tees_Tanks
id_00004166,Shorts
id_00004167,Dresses
id_00004168,Tees_Tanks
id_00004169,Sweaters
id_00004170,Tees_Tanks
id_00004171,Jackets_Coats
id_00004172,Blouses_Shirts
id_00004173,Tees_Tanks
id_00004174,Tees_Tanks
id_00004175,Rompers_Jumpsuits
id_00004176,Blouses_Shirts
id_00004177,Shorts
id_00004178,Dresses
id_00004179,Dresses
id_00004180,Sweaters
id_00004181,Dresses
id_00004182,Skirts
id_00004183,Blouses_Shirts
id_00004184,Blouses_Shirts
id_00004185,Blouses_Shirts
id_00004186,Cardigans
id_00004187,Dresses
id_00004188,Tees_Tanks
id_00004189,Blouses_Shirts
id_00004190,Sweatshirts_Hoodies
id_00004191,Sweaters
id_00004192,Shorts
id_00004193,Dresses
id_00004194,Shirts_Polos
id_00004195,Graphic_Tees
id_00004196,Rompers_Jumpsuits
id_00004197,Pants
id_00004198,Jackets_Coats
id_00004199,Dresses
id_00004200,Tees_Tanks
id_00004201,Rompers_Jumpsuits
id_00004202,Blouses_Shirts
id_00004203,Dresses
id_00004204,Blouses_Shirts
id_00004205,Skirts
id_00004206,Dresses
id_00004207,Sweaters
id_00004208,Tees_Tanks
id_00004209,Tees_Tanks
id_00004210,Dresses
id_00004211,Shorts
id_00004212,Sweaters
id_00004213,Shorts
id_00004214,Shorts
id_00004215,Tees_Tanks
id_00004216,Tees_Tanks
id_00004217,Dresses
id_00004218,Dresses
id_00004219,Blouses_Shirts
id_00004220,Skirts
id_00004221,Skirts
id_00004222,Tees_Tanks
id_00004223,Pants
id_00004224,Blouses_Shirts
id_00004225,Pants
id_00004226,Blouses_Shirts
id_00004227,Dresses
id_00004228,Tees_Tanks
id_00004229,Pants
id_00004230,Skirts
id_00004231,Tees_Tanks
id_00004232,Blouses_Shirts
id_00004233,Graphic_Tees
id_00004234,Blouses_Shirts
id_00004235,Jackets_Vests
id_00004236,Tees_Tanks
id_00004237,Skirts
id_00004238,Jackets_Coats
id_00004239,Blouses_Shirts
id_00004240,Tees_Tanks
id_00004241,Dresses
id_00004242,Rompers_Jumpsuits
id_00004243,Blouses_Shirts
id_00004244,Sweaters
id_00004245,Graphic_Tees
id_00004246,Blouses_Shirts
id_00004247,Cardigans
id_00004248,Pants
id_00004249,Shorts
id_00004250,Tees_Tanks
id_00004251,Shorts
id_00004252,Rompers_Jumpsuits
id_00004253,Pants
id_00004254,Shorts
id_00004255,Blouses_Shirts
id_00004256,Jackets_Coats
id_00004257,Sweatshirts_Hoodies
id_00004258,Tees_Tanks
id_00004259,Tees_Tanks
id_00004260,Blouses_Shirts
id_00004261,Graphic_Tees
id_00004262,Rompers_Jumpsuits
id_00004263,Blouses_Shirts
id_00004264,Pants
id_00004265,Tees_Tanks
id_00004266,Blouses_Shirts
id_00004267,Tees_Tanks
id_00004268,Dresses
id_00004269,Tees_Tanks
id_00004270,Tees_Tanks
id_00004271,Pants
id_00004272,Blouses_Shirts
id_00004273,Tees_Tanks
id_00004274,Blouses_Shirts
id_00004275,Graphic_Tees
id_00004276,Graphic_Tees
id_00004277,Blouses_Shirts
id_00004278,Tees_Tanks
id_00004279,Skirts
id_00004280,Blouses_Shirts
id_00004281,Blouses_Shirts
id_00004282,Shorts
id_00004283,Sweaters
id_00004284,Cardigans
id_00004285,Blouses_Shirts
id_00004286,Tees_Tanks
id_00004287,Graphic_Tees
id_00004288,Skirts
id_00004289,Blouses_Shirts
id_00004290,Blouses_Shirts
id_00004291,Dresses
id_00004292,Shorts
id_00004293,Shirts_Polos
id_00004294,Sweaters
id_00004295,Dresses
id_00004296,Tees_Tanks
id_00004297,Dresses
id_00004298,Shorts
id_00004299,Sweaters
id_00004300,Tees_Tanks
id_00004301,Jackets_Coats
id_00004302,Tees_Tanks
id_00004303,Blouses_Shirts
id_00004304,Tees_Tanks
id_00004305,Tees_Tanks
id_00004306,Jackets_Coats
id_00004307,Skirts
id_00004308,Tees_Tanks
id_00004309,Sweatshirts_Hoodies
id_00004310,Blouses_Shirts
id_00004311,Dresses
id_00004312,Tees_Tanks
id_00004313,Tees_Tanks
id_00004314,Skirts
id_00004315,Dresses
id_00004316,Cardigans
id_00004317,Sweatshirts_Hoodies
id_00004318,Skirts
id_00004319,Jackets_Vests
id_00004320,Sweatshirts_Hoodies
id_00004321,Dresses
id_00004322,Blouses_Shirts
id_00004323,Pants
id_00004324,Tees_Tanks
id_00004325,Shorts
id_00004326,Blouses_Shirts
id_00004327,Sweatshirts_Hoodies
id_00004328,Jackets_Vests
id_00004329,Cardigans
id_00004330,Tees_Tanks
id_00004331,Skirts
id_00004332,Sweatshirts_Hoodies
id_00004333,Rompers_Jumpsuits
id_00004334,Tees_Tanks
id_00004335,Skirts
id_00004336,Tees_Tanks
id_00004337,Rompers_Jumpsuits
id_00004338,Sweatshirts_Hoodies
id_00004339,Dresses
id_00004340,Rompers_Jumpsuits
id_00004341,Tees_Tanks
id_00004342,Tees_Tanks
id_00004343,Shirts_Polos
id_00004344,Blouses_Shirts
id_00004345,Tees_Tanks
id_00004346,Skirts
id_00004347,Dresses
id_00004348,Shirts_Polos
id_00004349,Tees_Tanks
id_00004350,Tees_Tanks
id_00004351,Dresses
id_00004352,Tees_Tanks
id_00004353,Dresses
id_00004354,Dresses
id_00004355,Tees_Tanks
id_00004356,Blouses_Shirts
id_00004357,Graphic_Tees
id_00004358,Rompers_Jumpsuits
id_00004359,Pants
id_00004360,Blouses_Shirts
id_00004361,Blouses_Shirts
id_00004362,Tees_Tanks
id_00004363,Blouses_Shirts
id_00004364,Tees_Tanks
id_00004365,Shorts
id_00004366,Shorts
id_00004367,Graphic_Tees
id_00004368,Rompers_Jumpsuits
id_00004369,Dresses
id_00004370,Dresses
id_00004371,Blouses_Shirts
id_00004372,Tees_Tanks
id_00004373,Skirts
id_00004374,Blouses_Shirts
id_00004375,Tees_Tanks
id_00004376,Dresses
id_00004377,Pants
id_00004378,Cardigans
id_00004379,Sweatshirts_Hoodies
id_00004380,Tees_Tanks
id_00004381,Blouses_Shirts
id_00004382,Skirts
id_00004383,Graphic_Tees
id_00004384,Skirts
id_00004385,Jackets_Coats
id_00004386,Tees_Tanks
id_00004387,Denim
id_00004388,Shorts
id_00004389,Tees_Tanks
id_00004390,Dresses
id_00004391,Sweaters
id_00004392,Blouses_Shirts
id_00004393,Leggings
id_00004394,Tees_Tanks
id_00004395,Skirts
id_00004396,Dresses
id_00004397,Shorts
id_00004398,Tees_Tanks
id_00004399,Graphic_Tees
id_00004400,Blouses_Shirts
id_00004401,Shorts
id_00004402,Dresses
id_00004403,Sweaters
id_00004404,Dresses
id_00004405,Tees_Tanks
id_00004406,Skirts
id_00004407,Graphic_Tees
id_00004408,Cardigans
id_00004409,Pants
id_00004410,Shorts
id_00004411,Blouses_Shirts
id_00004412,Sweaters
id_00004413,Shorts
id_00004414,Shorts
id_00004415,Blouses_Shirts
id_00004416,Graphic_Tees
id_00004417,Graphic_Tees
id_00004418,Blouses_Shirts
id_00004419,Blouses_Shirts
id_00004420,Dresses
id_00004421,Blouses_Shirts
id_00004422,Jackets_Coats
id_00004423,Sweatshirts_Hoodies
id_00004424,Tees_Tanks
id_00004425,Blouses_Shirts
id_00004426,Rompers_Jumpsuits
id_00004427,Skirts
id_00004428,Tees_Tanks
id_00004429,Sweaters
id_00004430,Sweatshirts_Hoodies
id_00004431,Rompers_Jumpsuits
id_00004432,Rompers_Jumpsuits
id_00004433,Blouses_Shirts
id_00004434,Tees_Tanks
id_00004435,Dresses
id_00004436,Sweaters
id_00004437,Blouses_Shirts
id_00004438,Blouses_Shirts
id_00004439,Blouses_Shirts
id_00004440,Shorts
id_00004441,Shorts
id_00004442,Sweatshirts_Hoodies
id_00004443,Tees_Tanks
id_00004444,Shorts
id_00004445,Tees_Tanks
id_00004446,Jackets_Coats
id_00004447,Dresses
id_00004448,Tees_Tanks
id_00004449,Dresses
id_00004450,Dresses
id_00004451,Cardigans
id_00004452,Dresses
id_00004453,Dresses
id_00004454,Sweaters
id_00004455,Jackets_Coats
id_00004456,Shorts
id_00004457,Rompers_Jumpsuits
id_00004458,Dresses
id_00004459,Tees_Tanks
id_00004460,Dresses
id_00004461,Dresses
id_00004462,Blouses_Shirts
id_00004463,Cardigans
id_00004464,Tees_Tanks
id_00004465,Blouses_Shirts
id_00004466,Blouses_Shirts
id_00004467,Dresses
id_00004468,Graphic_Tees
id_00004469,Tees_Tanks
id_00004470,Blouses_Shirts
id_00004471,Dresses
id_00004472,Blouses_Shirts
id_00004473,Sweaters
id_00004474,Shorts
id_00004475,Tees_Tanks
id_00004476,Rompers_Jumpsuits
id_00004477,Cardigans
id_00004478,Tees_Tanks
id_00004479,Blouses_Shirts
id_00004480,Tees_Tanks
id_00004481,Shorts
id_00004482,Skirts
id_00004483,Blouses_Shirts
id_00004484,Blouses_Shirts
id_00004485,Tees_Tanks
id_00004486,Tees_Tanks
id_00004487,Rompers_Jumpsuits
id_00004488,Blouses_Shirts
id_00004489,Tees_Tanks
id_00004490,Cardigans
id_00004491,Blouses_Shirts
id_00004492,Dresses
id_00004493,Tees_Tanks
id_00004494,Dresses
id_00004495,Blouses_Shirts
id_00004496,Dresses
id_00004497,Cardigans
id_00004498,Tees_Tanks
id_00004499,Dresses
id_00004500,Dresses
id_00004501,Sweaters
id_00004502,Jackets_Coats
id_00004503,Rompers_Jumpsuits
id_00004504,Blouses_Shirts
id_00004505,Skirts
id_00004506,Pants
id_00004507,Skirts
id_00004508,Tees_Tanks
id_00004509,Tees_Tanks
id_00004510,Shorts
id_00004511,Skirts
id_00004512,Tees_Tanks
id_00004513,Skirts
id_00004514,Shirts_Polos
id_00004515,Jackets_Coats
id_00004516,Shorts
id_00004517,Cardigans
id_00004518,Blouses_Shirts
id_00004519,Rompers_Jumpsuits
id_00004520,Sweatshirts_Hoodies
id_00004521,Skirts
id_00004522,Tees_Tanks
id_00004523,Tees_Tanks
id_00004524,Sweaters
id_00004525,Dresses
id_00004526,Pants
id_00004527,Shorts
id_00004528,Blouses_Shirts
id_00004529,Graphic_Tees
id_00004530,Tees_Tanks
id_00004531,Sweaters
id_00004532,Sweatshirts_Hoodies
id_00004533,Sweaters
id_00004534,Blouses_Shirts
id_00004535,Graphic_Tees
id_00004536,Dresses
id_00004537,Shorts
id_00004538,Sweaters
id_00004539,Graphic_Tees
id_00004540,Shorts
id_00004541,Dresses
id_00004542,Skirts
id_00004543,Tees_Tanks
id_00004544,Dresses
id_00004545,Rompers_Jumpsuits
id_00004546,Blouses_Shirts
id_00004547,Shorts
id_00004548,Blouses_Shirts
id_00004549,Shorts
id_00004550,Tees_Tanks
id_00004551,Dresses
id_00004552,Rompers_Jumpsuits
id_00004553,Pants
id_00004554,Tees_Tanks
id_00004555,Pants
id_00004556,Blouses_Shirts
id_00004557,Rompers_Jumpsuits
id_00004558,Tees_Tanks
id_00004559,Tees_Tanks
id_00004560,Tees_Tanks
id_00004561,Rompers_Jumpsuits
id_00004562,Leggings
id_00004563,Dresses
id_00004564,Dresses
id_00004565,Blouses_Shirts
id_00004566,Graphic_Tees
id_00004567,Tees_Tanks
id_00004568,Shirts_Polos
id_00004569,Tees_Tanks
id_00004570,Skirts
id_00004571,Tees_Tanks
id_00004572,Blouses_Shirts
id_00004573,Dresses
id_00004574,Sweatshirts_Hoodies
id_00004575,Rompers_Jumpsuits
id_00004576,Tees_Tanks
id_00004577,Dresses
id_00004578,Dresses
id_00004579,Sweaters
id_00004580,Shorts
id_00004581,Blouses_Shirts
id_00004582,Blouses_Shirts
id_00004583,Tees_Tanks
id_00004584,Dresses
id_00004585,Blouses_Shirts
id_00004586,Blouses_Shirts
id_00004587,Sweaters
id_00004588,Dresses
id_00004589,Blouses_Shirts
id_00004590,Pants
id_00004591,Sweatshirts_Hoodies
id_00004592,Skirts
id_00004593,Tees_Tanks
id_00004594,Dresses
id_00004595,Sweaters
id_00004596,Blouses_Shirts
id_00004597,Pants
id_00004598,Blouses_Shirts
id_00004599,Tees_Tanks
id_00004600,Sweatshirts_Hoodies
id_00004601,Tees_Tanks
id_00004602,Blouses_Shirts
id_00004603,Tees_Tanks
id_00004604,Blouses_Shirts
id_00004605,Dresses
id_00004606,Jackets_Vests
id_00004607,Dresses
id_00004608,Blouses_Shirts
id_00004609,Jackets_Coats
id_00004610,Dresses
id_00004611,Sweatshirts_Hoodies
id_00004612,Dresses
id_00004613,Shorts
id_00004614,Jackets_Coats
id_00004615,Sweatshirts_Hoodies
id_00004616,Tees_Tanks
id_00004617,Blouses_Shirts
id_00004618,Jackets_Coats
id_00004619,Tees_Tanks
id_00004620,Shorts
id_00004621,Pants
id_00004622,Jackets_Vests
id_00004623,Shorts
id_00004624,Rompers_Jumpsuits
id_00004625,Blouses_Shirts
id_00004626,Sweaters
id_00004627,Tees_Tanks
id_00004628,Blouses_Shirts
id_00004629,Shorts
id_00004630,Sweaters
id_00004631,Shorts
id_00004632,Shirts_Polos
id_00004633,Blouses_Shirts
id_00004634,Dresses
id_00004635,Cardigans
id_00004636,Sweaters
id_00004637,Sweatshirts_Hoodies
id_00004638,Sweaters
id_00004639,Blouses_Shirts
id_00004640,Blouses_Shirts
id_00004641,Sweatshirts_Hoodies
id_00004642,Blouses_Shirts
id_00004643,Blouses_Shirts
id_00004644,Skirts
id_00004645,Tees_Tanks
id_00004646,Shorts
id_00004647,Sweaters
id_00004648,Tees_Tanks
id_00004649,Sweatshirts_Hoodies
id_00004650,Skirts
id_00004651,Dresses
id_00004652,Blouses_Shirts
id_00004653,Rompers_Jumpsuits
id_00004654,Tees_Tanks
id_00004655,Sweaters
id_00004656,Dresses
id_00004657,Tees_Tanks
id_00004658,Tees_Tanks
id_00004659,Shorts
id_00004660,Shorts
id_00004661,Dresses
id_00004662,Tees_Tanks
id_00004663,Graphic_Tees
id_00004664,Sweaters
id_00004665,Jackets_Coats
id_00004666,Blouses_Shirts
id_00004667,Sweaters
id_00004668,Tees_Tanks
id_00004669,Dresses
id_00004670,Sweaters
id_00004671,Tees_Tanks
id_00004672,Jackets_Vests
id_00004673,Sweatshirts_Hoodies
id_00004674,Tees_Tanks
id_00004675,Tees_Tanks
id_00004676,Tees_Tanks
id_00004677,Sweaters
id_00004678,Graphic_Tees
id_00004679,Sweaters
id_00004680,Sweaters
id_00004681,Dresses
id_00004682,Tees_Tanks
id_00004683,Dresses
id_00004684,Shorts
id_00004685,Tees_Tanks
id_00004686,Dresses
id_00004687,Blouses_Shirts
id_00004688,Blouses_Shirts
id_00004689,Tees_Tanks
id_00004690,Rompers_Jumpsuits
id_00004691,Tees_Tanks
id_00004692,Sweaters
id_00004693,Blouses_Shirts
id_00004694,Blouses_Shirts
id_00004695,Graphic_Tees
id_00004696,Shorts
id_00004697,Dresses
id_00004698,Tees_Tanks
id_00004699,Tees_Tanks
id_00004700,Dresses
id_00004701,Sweaters
id_00004702,Tees_Tanks
id_00004703,Blouses_Shirts
id_00004704,Skirts
id_00004705,Tees_Tanks
id_00004706,Tees_Tanks
id_00004707,Tees_Tanks
id_00004708,Blouses_Shirts
id_00004709,Dresses
id_00004710,Graphic_Tees
id_00004711,Blouses_Shirts
id_00004712,Blouses_Shirts
id_00004713,Shirts_Polos
id_00004714,Denim
id_00004715,Tees_Tanks
id_00004716,Blouses_Shirts
id_00004717,Dresses
id_00004718,Jackets_Coats
id_00004719,Skirts
id_00004720,Blouses_Shirts
id_00004721,Tees_Tanks
id_00004722,Leggings
id_00004723,Blouses_Shirts
id_00004724,Tees_Tanks
id_00004725,Rompers_Jumpsuits
id_00004726,Tees_Tanks
id_00004727,Blouses_Shirts
id_00004728,Shorts
id_00004729,Tees_Tanks
id_00004730,Tees_Tanks
id_00004731,Shorts
id_00004732,Rompers_Jumpsuits
id_00004733,Dresses
id_00004734,Dresses
id_00004735,Tees_Tanks
id_00004736,Tees_Tanks
id_00004737,Blouses_Shirts
id_00004738,Shirts_Polos
id_00004739,Tees_Tanks
id_00004740,Tees_Tanks
id_00004741,Graphic_Tees
id_00004742,Rompers_Jumpsuits
id_00004743,Dresses
id_00004744,Tees_Tanks
id_00004745,Sweaters
id_00004746,Tees_Tanks
id_00004747,Dresses
id_00004748,Rompers_Jumpsuits
id_00004749,Jackets_Coats
id_00004750,Tees_Tanks
id_00004751,Jackets_Coats
id_00004752,Jackets_Coats
id_00004753,Tees_Tanks
id_00004754,Pants
id_00004755,Tees_Tanks
id_00004756,Shorts
id_00004757,Tees_Tanks
id_00004758,Dresses
id_00004759,Tees_Tanks
id_00004760,Blouses_Shirts
id_00004761,Blouses_Shirts
id_00004762,Pants
id_00004763,Shirts_Polos
id_00004764,Tees_Tanks
id_00004765,Cardigans
id_00004766,Blouses_Shirts
id_00004767,Pants
id_00004768,Tees_Tanks
id_00004769,Dresses
id_00004770,Sweaters
id_00004771,Skirts
id_00004772,Blouses_Shirts
id_00004773,Tees_Tanks
id_00004774,Blouses_Shirts
id_00004775,Sweaters
id_00004776,Dresses
id_00004777,Cardigans
id_00004778,Blouses_Shirts
id_00004779,Shorts
id_00004780,Sweaters
id_00004781,Blouses_Shirts
id_00004782,Rompers_Jumpsuits
id_00004783,Sweaters
id_00004784,Shorts
id_00004785,Cardigans
id_00004786,Dresses
id_00004787,Sweaters
id_00004788,Pants
id_00004789,Pants
id_00004790,Sweatshirts_Hoodies
id_00004791,Skirts
id_00004792,Tees_Tanks
id_00004793,Shorts
id_00004794,Shirts_Polos
id_00004795,Blouses_Shirts
id_00004796,Dresses
id_00004797,Shorts
id_00004798,Tees_Tanks
id_00004799,Dresses
id_00004800,Blouses_Shirts
id_00004801,Blouses_Shirts
id_00004802,Jackets_Coats
id_00004803,Blouses_Shirts
id_00004804,Cardigans
id_00004805,Dresses
id_00004806,Sweaters
id_00004807,Denim
id_00004808,Dresses
id_00004809,Tees_Tanks
id_00004810,Blouses_Shirts
id_00004811,Dresses
id_00004812,Tees_Tanks
id_00004813,Dresses
id_00004814,Rompers_Jumpsuits
id_00004815,Cardigans
id_00004816,Blouses_Shirts
id_00004817,Tees_Tanks
id_00004818,Cardigans
id_00004819,Blouses_Shirts
id_00004820,Blouses_Shirts
id_00004821,Dresses
id_00004822,Rompers_Jumpsuits
id_00004823,Blouses_Shirts
id_00004824,Tees_Tanks
id_00004825,Dresses
id_00004826,Tees_Tanks
id_00004827,Tees_Tanks
id_00004828,Jackets_Coats
id_00004829,Shorts
id_00004830,Sweatshirts_Hoodies
id_00004831,Tees_Tanks
id_00004832,Tees_Tanks
id_00004833,Dresses
id_00004834,Dresses
id_00004835,Tees_Tanks
id_00004836,Sweaters
id_00004837,Blouses_Shirts
id_00004838,Cardigans
id_00004839,Blouses_Shirts
id_00004840,Tees_Tanks
id_00004841,Dresses
id_00004842,Pants
id_00004843,Sweatshirts_Hoodies
id_00004844,Skirts
id_00004845,Tees_Tanks
id_00004846,Tees_Tanks
id_00004847,Blouses_Shirts
id_00004848,Dresses
id_00004849,Blouses_Shirts
id_00004850,Graphic_Tees
id_00004851,Blouses_Shirts
id_00004852,Shorts
id_00004853,Graphic_Tees
id_00004854,Graphic_Tees
id_00004855,Graphic_Tees
id_00004856,Jackets_Coats
id_00004857,Tees_Tanks
id_00004858,Blouses_Shirts
id_00004859,Blouses_Shirts
id_00004860,Sweaters
id_00004861,Sweaters
id_00004862,Tees_Tanks
id_00004863,Sweaters
id_00004864,Blouses_Shirts
id_00004865,Tees_Tanks
id_00004866,Pants
id_00004867,Shorts
id_00004868,Dresses
id_00004869,Tees_Tanks
id_00004870,Tees_Tanks
id_00004871,Dresses
id_00004872,Sweaters
id_00004873,Tees_Tanks
id_00004874,Dresses
id_00004875,Tees_Tanks
id_00004876,Blouses_Shirts
id_00004877,Jackets_Coats
id_00004878,Jackets_Coats
id_00004879,Rompers_Jumpsuits
id_00004880,Tees_Tanks
id_00004881,Blouses_Shirts
id_00004882,Jackets_Vests
id_00004883,Blouses_Shirts
id_00004884,Dresses
id_00004885,Jackets_Coats
id_00004886,Sweaters
id_00004887,Skirts
id_00004888,Jackets_Coats
id_00004889,Tees_Tanks
id_00004890,Shorts
id_00004891,Jackets_Coats
id_00004892,Blouses_Shirts
id_00004893,Blouses_Shirts
id_00004894,Denim
id_00004895,Skirts
id_00004896,Skirts
id_00004897,Blouses_Shirts
id_00004898,Sweaters
id_00004899,Tees_Tanks
id_00004900,Blouses_Shirts
id_00004901,Graphic_Tees
id_00004902,Jackets_Coats
id_00004903,Tees_Tanks
id_00004904,Sweaters
id_00004905,Tees_Tanks
id_00004906,Dresses
id_00004907,Tees_Tanks
id_00004908,Pants
id_00004909,Tees_Tanks
id_00004910,Sweatshirts_Hoodies
id_00004911,Blouses_Shirts
id_00004912,Sweaters
id_00004913,Dresses
id_00004914,Dresses
id_00004915,Jackets_Coats
id_00004916,Blouses_Shirts
id_00004917,Shirts_Polos
id_00004918,Dresses
id_00004919,Dresses
id_00004920,Shorts
id_00004921,Blouses_Shirts
id_00004922,Skirts
id_00004923,Blouses_Shirts
id_00004924,Tees_Tanks
id_00004925,Tees_Tanks
id_00004926,Blouses_Shirts
id_00004927,Dresses
id_00004928,Sweatshirts_Hoodies
id_00004929,Blouses_Shirts
id_00004930,Dresses
id_00004931,Sweatshirts_Hoodies
id_00004932,Blouses_Shirts
id_00004933,Shorts
id_00004934,Tees_Tanks
id_00004935,Tees_Tanks
id_00004936,Dresses
id_00004937,Rompers_Jumpsuits
id_00004938,Sweatshirts_Hoodies
id_00004939,Shorts
id_00004940,Shorts
id_00004941,Pants
id_00004942,Blouses_Shirts
id_00004943,Blouses_Shirts
id_00004944,Sweaters
id_00004945,Sweaters
id_00004946,Jackets_Coats
id_00004947,Skirts
id_00004948,Blouses_Shirts
id_00004949,Shorts
id_00004950,Dresses
id_00004951,Blouses_Shirts
id_00004952,Tees_Tanks
id_00004953,Blouses_Shirts
id_00004954,Dresses
id_00004955,Blouses_Shirts
id_00004956,Tees_Tanks
id_00004957,Dresses
id_00004958,Shirts_Polos
id_00004959,Sweaters
id_00004960,Blouses_Shirts
id_00004961,Blouses_Shirts
id_00004962,Dresses
id_00004963,Blouses_Shirts
id_00004964,Tees_Tanks
id_00004965,Tees_Tanks
id_00004966,Tees_Tanks
id_00004967,Dresses
id_00004968,Rompers_Jumpsuits
id_00004969,Shorts
id_00004970,Tees_Tanks
id_00004971,Tees_Tanks
id_00004972,Blouses_Shirts
id_00004973,Blouses_Shirts
id_00004974,Sweatshirts_Hoodies
id_00004975,Tees_Tanks
id_00004976,Blouses_Shirts
id_00004977,Blouses_Shirts
id_00004978,Graphic_Tees
id_00004979,Jackets_Coats
id_00004980,Blouses_Shirts
id_00004981,Shorts
id_00004982,Dresses
id_00004983,Tees_Tanks
id_00004984,Dresses
id_00004985,Tees_Tanks
id_00004986,Tees_Tanks
id_00004987,Tees_Tanks
id_00004988,Blouses_Shirts
id_00004989,Tees_Tanks
id_00004990,Tees_Tanks
id_00004991,Sweaters
id_00004992,Dresses
id_00004993,Graphic_Tees
id_00004994,Blouses_Shirts
id_00004995,Blouses_Shirts
id_00004996,Dresses
id_00004997,Dresses
id_00004998,Denim
id_00004999,Jackets_Coats
id_00005000,Pants
id_00005001,Blouses_Shirts
id_00005002,Dresses
id_00005003,Jackets_Coats
id_00005004,Shirts_Polos
id_00005005,Blouses_Shirts
id_00005006,Tees_Tanks
id_00005007,Blouses_Shirts
id_00005008,Dresses
id_00005009,Sweaters
id_00005010,Sweaters
id_00005011,Shorts
id_00005012,Blouses_Shirts
id_00005013,Tees_Tanks
id_00005014,Tees_Tanks
id_00005015,Tees_Tanks
id_00005016,Denim
id_00005017,Tees_Tanks
id_00005018,Tees_Tanks
id_00005019,Jackets_Coats
id_00005020,Tees_Tanks
id_00005021,Sweaters
id_00005022,Sweaters
id_00005023,Blouses_Shirts
id_00005024,Blouses_Shirts
id_00005025,Sweatshirts_Hoodies
id_00005026,Blouses_Shirts
id_00005027,Jackets_Coats
id_00005028,Dresses
id_00005029,Rompers_Jumpsuits
id_00005030,Blouses_Shirts
id_00005031,Blouses_Shirts
id_00005032,Cardigans
id_00005033,Tees_Tanks
id_00005034,Blouses_Shirts
id_00005035,Shorts
id_00005036,Shorts
id_00005037,Tees_Tanks
id_00005038,Tees_Tanks
id_00005039,Blouses_Shirts
id_00005040,Tees_Tanks
id_00005041,Blouses_Shirts
id_00005042,Shorts
id_00005043,Rompers_Jumpsuits
id_00005044,Dresses
id_00005045,Blouses_Shirts
id_00005046,Tees_Tanks
id_00005047,Jackets_Vests
id_00005048,Blouses_Shirts
id_00005049,Blouses_Shirts
id_00005050,Tees_Tanks
id_00005051,Dresses
id_00005052,Dresses
id_00005053,Dresses
id_00005054,Dresses
id_00005055,Tees_Tanks
id_00005056,Tees_Tanks
id_00005057,Dresses
id_00005058,Shorts
id_00005059,Jackets_Coats
id_00005060,Blouses_Shirts
id_00005061,Jackets_Coats
id_00005062,Tees_Tanks
id_00005063,Sweaters
id_00005064,Dresses
id_00005065,Blouses_Shirts
id_00005066,Tees_Tanks
id_00005067,Jackets_Coats
id_00005068,Sweaters
id_00005069,Skirts
id_00005070,Denim
id_00005071,Tees_Tanks
id_00005072,Blouses_Shirts
id_00005073,Rompers_Jumpsuits
id_00005074,Sweaters
id_00005075,Dresses
id_00005076,Tees_Tanks
id_00005077,Shirts_Polos
id_00005078,Blouses_Shirts
id_00005079,Denim
id_00005080,Dresses
id_00005081,Dresses
id_00005082,Tees_Tanks
id_00005083,Tees_Tanks
id_00005084,Blouses_Shirts
id_00005085,Tees_Tanks
id_00005086,Shorts
id_00005087,Dresses
id_00005088,Pants
id_00005089,Shorts
id_00005090,Jackets_Coats
id_00005091,Jackets_Coats
id_00005092,Shirts_Polos
id_00005093,Tees_Tanks
id_00005094,Sweatshirts_Hoodies
id_00005095,Tees_Tanks
id_00005096,Tees_Tanks
id_00005097,Jackets_Vests
id_00005098,Rompers_Jumpsuits
id_00005099,Sweaters
id_00005100,Graphic_Tees
id_00005101,Sweatshirts_Hoodies
id_00005102,Dresses
id_00005103,Blouses_Shirts
id_00005104,Sweatshirts_Hoodies
id_00005105,Blouses_Shirts
id_00005106,Sweaters
id_00005107,Sweaters
id_00005108,Dresses
id_00005109,Skirts
id_00005110,Sweaters
id_00005111,Dresses
id_00005112,Dresses
id_00005113,Dresses
id_00005114,Dresses
id_00005115,Blouses_Shirts
id_00005116,Shorts
id_00005117,Tees_Tanks
id_00005118,Skirts
id_00005119,Dresses
id_00005120,Dresses
id_00005121,Blouses_Shirts
id_00005122,Pants
id_00005123,Sweatshirts_Hoodies
id_00005124,Tees_Tanks
id_00005125,Blouses_Shirts
id_00005126,Skirts
id_00005127,Sweaters
id_00005128,Shorts
id_00005129,Dresses
id_00005130,Dresses
id_00005131,Rompers_Jumpsuits
id_00005132,Pants
id_00005133,Sweaters
id_00005134,Dresses
id_00005135,Sweatshirts_Hoodies
id_00005136,Tees_Tanks
id_00005137,Sweaters
id_00005138,Shorts
id_00005139,Tees_Tanks
id_00005140,Dresses
id_00005141,Tees_Tanks
id_00005142,Blouses_Shirts
id_00005143,Dresses
id_00005144,Sweatshirts_Hoodies
id_00005145,Dresses
id_00005146,Blouses_Shirts
id_00005147,Dresses
id_00005148,Tees_Tanks
id_00005149,Tees_Tanks
id_00005150,Shorts
id_00005151,Shorts
id_00005152,Tees_Tanks
id_00005153,Tees_Tanks
id_00005154,Shorts
id_00005155,Dresses
id_00005156,Graphic_Tees
id_00005157,Denim
id_00005158,Rompers_Jumpsuits
id_00005159,Skirts
id_00005160,Tees_Tanks
id_00005161,Tees_Tanks
id_00005162,Blouses_Shirts
id_00005163,Tees_Tanks
id_00005164,Cardigans
id_00005165,Tees_Tanks
id_00005166,Dresses
id_00005167,Jackets_Coats
id_00005168,Tees_Tanks
id_00005169,Shorts
id_00005170,Shorts
id_00005171,Pants
id_00005172,Tees_Tanks
id_00005173,Dresses
id_00005174,Jackets_Coats
id_00005175,Rompers_Jumpsuits
id_00005176,Tees_Tanks
id_00005177,Sweaters
id_00005178,Sweaters
id_00005179,Tees_Tanks
id_00005180,Blouses_Shirts
id_00005181,Tees_Tanks
id_00005182,Dresses
id_00005183,Sweaters
id_00005184,Tees_Tanks
id_00005185,Skirts
id_00005186,Dresses
id_00005187,Cardigans
id_00005188,Tees_Tanks
id_00005189,Sweatshirts_Hoodies
id_00005190,Jackets_Coats
id_00005191,Cardigans
id_00005192,Dresses
id_00005193,Pants
id_00005194,Blouses_Shirts
id_00005195,Graphic_Tees
id_00005196,Dresses
id_00005197,Dresses
id_00005198,Dresses
id_00005199,Tees_Tanks
id_00005200,Sweatshirts_Hoodies
id_00005201,Shorts
id_00005202,Tees_Tanks
id_00005203,Tees_Tanks
id_00005204,Jackets_Coats
id_00005205,Sweaters
id_00005206,Tees_Tanks
id_00005207,Tees_Tanks
id_00005208,Denim
id_00005209,Sweatshirts_Hoodies
id_00005210,Blouses_Shirts
id_00005211,Shorts
id_00005212,Rompers_Jumpsuits
id_00005213,Pants
id_00005214,Tees_Tanks
id_00005215,Tees_Tanks
id_00005216,Jackets_Coats
id_00005217,Tees_Tanks
id_00005218,Tees_Tanks
id_00005219,Blouses_Shirts
id_00005220,Dresses
id_00005221,Dresses
id_00005222,Blouses_Shirts
id_00005223,Denim
id_00005224,Blouses_Shirts
id_00005225,Dresses
id_00005226,Blouses_Shirts
id_00005227,Blouses_Shirts
id_00005228,Tees_Tanks
id_00005229,Sweaters
id_00005230,Shorts
id_00005231,Tees_Tanks
id_00005232,Blouses_Shirts
id_00005233,Blouses_Shirts
id_00005234,Jackets_Coats
id_00005235,Skirts
id_00005236,Graphic_Tees
id_00005237,Sweaters
id_00005238,Dresses
id_00005239,Tees_Tanks
id_00005240,Cardigans
id_00005241,Denim
id_00005242,Sweaters
id_00005243,Dresses
id_00005244,Tees_Tanks
id_00005245,Tees_Tanks
id_00005246,Skirts
id_00005247,Blouses_Shirts
id_00005248,Rompers_Jumpsuits
id_00005249,Pants
id_00005250,Dresses
id_00005251,Rompers_Jumpsuits
id_00005252,Jackets_Coats
id_00005253,Sweaters
id_00005254,Blouses_Shirts
id_00005255,Pants
id_00005256,Pants
id_00005257,Tees_Tanks
id_00005258,Tees_Tanks
id_00005259,Shorts
id_00005260,Cardigans
id_00005261,Tees_Tanks
id_00005262,Dresses
id_00005263,Jackets_Coats
id_00005264,Dresses
id_00005265,Dresses
id_00005266,Shorts
id_00005267,Rompers_Jumpsuits
id_00005268,Tees_Tanks
id_00005269,Tees_Tanks
id_00005270,Skirts
id_00005271,Sweaters
id_00005272,Sweaters
id_00005273,Blouses_Shirts
id_00005274,Blouses_Shirts
id_00005275,Graphic_Tees
id_00005276,Dresses
id_00005277,Dresses
id_00005278,Skirts
id_00005279,Dresses
id_00005280,Tees_Tanks
id_00005281,Dresses
id_00005282,Blouses_Shirts
id_00005283,Dresses
id_00005284,Jackets_Coats
id_00005285,Dresses
id_00005286,Pants
id_00005287,Dresses
id_00005288,Tees_Tanks
id_00005289,Shorts
id_00005290,Tees_Tanks
id_00005291,Blouses_Shirts
id_00005292,Tees_Tanks
id_00005293,Dresses
id_00005294,Jackets_Coats
id_00005295,Tees_Tanks
id_00005296,Tees_Tanks
id_00005297,Jackets_Coats
id_00005298,Pants
id_00005299,Dresses
id_00005300,Graphic_Tees
id_00005301,Sweatshirts_Hoodies
id_00005302,Cardigans
id_00005303,Cardigans
id_00005304,Cardigans
id_00005305,Sweaters
id_00005306,Blouses_Shirts
id_00005307,Tees_Tanks
id_00005308,Tees_Tanks
id_00005309,Dresses
id_00005310,Tees_Tanks
id_00005311,Blouses_Shirts
id_00005312,Jackets_Coats
id_00005313,Pants
id_00005314,Pants
id_00005315,Blouses_Shirts
id_00005316,Tees_Tanks
id_00005317,Sweaters
id_00005318,Tees_Tanks
id_00005319,Tees_Tanks
id_00005320,Shorts
id_00005321,Cardigans
id_00005322,Shorts
id_00005323,Blouses_Shirts
id_00005324,Dresses
id_00005325,Tees_Tanks
id_00005326,Tees_Tanks
id_00005327,Blouses_Shirts
id_00005328,Tees_Tanks
id_00005329,Blouses_Shirts
id_00005330,Shorts
id_00005331,Rompers_Jumpsuits
id_00005332,Tees_Tanks
id_00005333,Sweatshirts_Hoodies
id_00005334,Pants
id_00005335,Sweaters
id_00005336,Blouses_Shirts
id_00005337,Tees_Tanks
id_00005338,Blouses_Shirts
id_00005339,Blouses_Shirts
id_00005340,Pants
id_00005341,Rompers_Jumpsuits
id_00005342,Blouses_Shirts
id_00005343,Jackets_Coats
id_00005344,Cardigans
id_00005345,Shorts
id_00005346,Jackets_Vests
id_00005347,Rompers_Jumpsuits
id_00005348,Blouses_Shirts
id_00005349,Tees_Tanks
id_00005350,Dresses
id_00005351,Blouses_Shirts
id_00005352,Pants
id_00005353,Tees_Tanks
id_00005354,Graphic_Tees
id_00005355,Dresses
id_00005356,Blouses_Shirts
id_00005357,Graphic_Tees
id_00005358,Tees_Tanks
id_00005359,Blouses_Shirts
id_00005360,Dresses
id_00005361,Tees_Tanks
id_00005362,Tees_Tanks
id_00005363,Tees_Tanks
id_00005364,Tees_Tanks
id_00005365,Cardigans
id_00005366,Sweaters
id_00005367,Jackets_Coats
id_00005368,Tees_Tanks
id_00005369,Shorts
id_00005370,Tees_Tanks
id_00005371,Tees_Tanks
id_00005372,Dresses
id_00005373,Shorts
id_00005374,Shorts
id_00005375,Graphic_Tees
id_00005376,Tees_Tanks
id_00005377,Denim
id_00005378,Denim
id_00005379,Dresses
id_00005380,Dresses
id_00005381,Shorts
id_00005382,Blouses_Shirts
id_00005383,Shirts_Polos
id_00005384,Dresses
id_00005385,Blouses_Shirts
id_00005386,Shorts
id_00005387,Blouses_Shirts
id_00005388,Tees_Tanks
id_00005389,Skirts
id_00005390,Dresses
id_00005391,Graphic_Tees
id_00005392,Tees_Tanks
id_00005393,Blouses_Shirts
id_00005394,Pants
id_00005395,Jackets_Coats
id_00005396,Tees_Tanks
id_00005397,Sweaters
id_00005398,Dresses
id_00005399,Dresses
id_00005400,Sweaters
id_00005401,Pants
id_00005402,Blouses_Shirts
id_00005403,Tees_Tanks
id_00005404,Dresses
id_00005405,Tees_Tanks
id_00005406,Blouses_Shirts
id_00005407,Blouses_Shirts
id_00005408,Dresses
id_00005409,Skirts
id_00005410,Dresses
id_00005411,Jackets_Coats
id_00005412,Jackets_Coats
id_00005413,Tees_Tanks
id_00005414,Dresses
id_00005415,Dresses
id_00005416,Blouses_Shirts
id_00005417,Shirts_Polos
id_00005418,Shorts
id_00005419,Dresses
id_00005420,Rompers_Jumpsuits
id_00005421,Blouses_Shirts
id_00005422,Blouses_Shirts
id_00005423,Jackets_Coats
id_00005424,Shorts
id_00005425,Dresses
id_00005426,Tees_Tanks
id_00005427,Shorts
id_00005428,Tees_Tanks
id_00005429,Blouses_Shirts
id_00005430,Blouses_Shirts
id_00005431,Blouses_Shirts
id_00005432,Blouses_Shirts
id_00005433,Tees_Tanks
id_00005434,Sweaters
id_00005435,Tees_Tanks
id_00005436,Dresses
id_00005437,Rompers_Jumpsuits
id_00005438,Pants
id_00005439,Rompers_Jumpsuits
id_00005440,Shorts
id_00005441,Skirts
id_00005442,Dresses
id_00005443,Dresses
id_00005444,Sweatshirts_Hoodies
id_00005445,Tees_Tanks
id_00005446,Sweaters
id_00005447,Denim
id_00005448,Dresses
id_00005449,Rompers_Jumpsuits
id_00005450,Sweaters
id_00005451,Jackets_Vests
id_00005452,Pants
id_00005453,Shirts_Polos
id_00005454,Cardigans
id_00005455,Tees_Tanks
id_00005456,Graphic_Tees
id_00005457,Dresses
id_00005458,Tees_Tanks
id_00005459,Dresses
id_00005460,Blouses_Shirts
id_00005461,Tees_Tanks
id_00005462,Dresses
id_00005463,Rompers_Jumpsuits
id_00005464,Dresses
id_00005465,Skirts
id_00005466,Blouses_Shirts
id_00005467,Dresses
id_00005468,Pants
id_00005469,Blouses_Shirts
id_00005470,Sweaters
id_00005471,Pants
id_00005472,Blouses_Shirts
id_00005473,Shorts
id_00005474,Shorts
id_00005475,Shirts_Polos
id_00005476,Blouses_Shirts
id_00005477,Dresses
id_00005478,Blouses_Shirts
id_00005479,Tees_Tanks
id_00005480,Shorts
id_00005481,Jackets_Coats
id_00005482,Blouses_Shirts
id_00005483,Blouses_Shirts
id_00005484,Rompers_Jumpsuits
id_00005485,Sweaters
id_00005486,Blouses_Shirts
id_00005487,Pants
id_00005488,Dresses
id_00005489,Shirts_Polos
id_00005490,Rompers_Jumpsuits
id_00005491,Dresses
id_00005492,Tees_Tanks
id_00005493,Rompers_Jumpsuits
id_00005494,Dresses
id_00005495,Sweaters
id_00005496,Blouses_Shirts
id_00005497,Blouses_Shirts
id_00005498,Shorts
id_00005499,Tees_Tanks
id_00005500,Blouses_Shirts
id_00005501,Tees_Tanks
id_00005502,Jackets_Coats
id_00005503,Dresses
id_00005504,Tees_Tanks
id_00005505,Skirts
id_00005506,Shorts
id_00005507,Skirts
id_00005508,Rompers_Jumpsuits
id_00005509,Dresses
id_00005510,Dresses
id_00005511,Dresses
id_00005512,Dresses
id_00005513,Tees_Tanks
id_00005514,Tees_Tanks
id_00005515,Sweaters
id_00005516,Dresses
id_00005517,Blouses_Shirts
id_00005518,Shorts
id_00005519,Skirts
id_00005520,Sweaters
id_00005521,Blouses_Shirts
id_00005522,Graphic_Tees
id_00005523,Sweaters
id_00005524,Dresses
id_00005525,Sweaters
id_00005526,Pants
id_00005527,Dresses
id_00005528,Jackets_Vests
id_00005529,Tees_Tanks
id_00005530,Sweatshirts_Hoodies
id_00005531,Dresses
id_00005532,Tees_Tanks
id_00005533,Blouses_Shirts
id_00005534,Tees_Tanks
id_00005535,Blouses_Shirts
id_00005536,Tees_Tanks
id_00005537,Dresses
id_00005538,Shorts
id_00005539,Dresses
id_00005540,Tees_Tanks
id_00005541,Blouses_Shirts
id_00005542,Shorts
id_00005543,Dresses
id_00005544,Jackets_Coats
id_00005545,Pants
id_00005546,Tees_Tanks
id_00005547,Dresses
id_00005548,Shirts_Polos
id_00005549,Dresses
id_00005550,Tees_Tanks
id_00005551,Rompers_Jumpsuits
id_00005552,Tees_Tanks
id_00005553,Tees_Tanks
id_00005554,Pants
id_00005555,Shorts
id_00005556,Tees_Tanks
id_00005557,Shirts_Polos
id_00005558,Blouses_Shirts
id_00005559,Tees_Tanks
id_00005560,Sweatshirts_Hoodies
id_00005561,Tees_Tanks
id_00005562,Rompers_Jumpsuits
id_00005563,Blouses_Shirts
id_00005564,Dresses
id_00005565,Graphic_Tees
id_00005566,Pants
id_00005567,Blouses_Shirts
id_00005568,Blouses_Shirts
id_00005569,Tees_Tanks
id_00005570,Sweatshirts_Hoodies
id_00005571,Graphic_Tees
id_00005572,Blouses_Shirts
id_00005573,Shorts
id_00005574,Tees_Tanks
id_00005575,Sweatshirts_Hoodies
id_00005576,Leggings
id_00005577,Cardigans
id_00005578,Dresses
id_00005579,Tees_Tanks
id_00005580,Cardigans
id_00005581,Blouses_Shirts
id_00005582,Dresses
id_00005583,Blouses_Shirts
id_00005584,Dresses
id_00005585,Dresses
id_00005586,Sweaters
id_00005587,Jackets_Coats
id_00005588,Blouses_Shirts
id_00005589,Tees_Tanks
id_00005590,Tees_Tanks
id_00005591,Jackets_Coats
id_00005592,Dresses
id_00005593,Blouses_Shirts
id_00005594,Sweaters
id_00005595,Blouses_Shirts
id_00005596,Tees_Tanks
id_00005597,Jackets_Vests
id_00005598,Tees_Tanks
id_00005599,Shorts
id_00005600,Blouses_Shirts
id_00005601,Rompers_Jumpsuits
id_00005602,Tees_Tanks
id_00005603,Sweatshirts_Hoodies
id_00005604,Cardigans
id_00005605,Tees_Tanks
id_00005606,Dresses
id_00005607,Skirts
id_00005608,Denim
id_00005609,Shorts
id_00005610,Tees_Tanks
id_00005611,Jackets_Coats
id_00005612,Blouses_Shirts
id_00005613,Blouses_Shirts
id_00005614,Tees_Tanks
id_00005615,Shorts
id_00005616,Tees_Tanks
id_00005617,Blouses_Shirts
id_00005618,Tees_Tanks
id_00005619,Blouses_Shirts
id_00005620,Blouses_Shirts
id_00005621,Tees_Tanks
id_00005622,Tees_Tanks
id_00005623,Tees_Tanks
id_00005624,Sweaters
id_00005625,Shorts
id_00005626,Blouses_Shirts
id_00005627,Graphic_Tees
id_00005628,Jackets_Coats
id_00005629,Jackets_Coats
id_00005630,Shorts
id_00005631,Shorts
id_00005632,Tees_Tanks
id_00005633,Tees_Tanks
id_00005634,Dresses
id_00005635,Skirts
id_00005636,Blouses_Shirts
id_00005637,Blouses_Shirts
id_00005638,Tees_Tanks
id_00005639,Blouses_Shirts
id_00005640,Pants
id_00005641,Tees_Tanks
id_00005642,Blouses_Shirts
id_00005643,Blouses_Shirts
id_00005644,Dresses
id_00005645,Jackets_Coats
id_00005646,Pants
id_00005647,Rompers_Jumpsuits
id_00005648,Dresses
id_00005649,Dresses
id_00005650,Blouses_Shirts
id_00005651,Jackets_Coats
id_00005652,Jackets_Coats
id_00005653,Shorts
id_00005654,Blouses_Shirts
id_00005655,Graphic_Tees
id_00005656,Sweaters
id_00005657,Blouses_Shirts
id_00005658,Blouses_Shirts
id_00005659,Pants
id_00005660,Dresses
id_00005661,Dresses
id_00005662,Tees_Tanks
id_00005663,Denim
id_00005664,Tees_Tanks
id_00005665,Jackets_Coats
id_00005666,Blouses_Shirts
id_00005667,Blouses_Shirts
id_00005668,Rompers_Jumpsuits
id_00005669,Tees_Tanks
id_00005670,Jackets_Coats
id_00005671,Tees_Tanks
id_00005672,Dresses
id_00005673,Denim
id_00005674,Graphic_Tees
id_00005675,Graphic_Tees
id_00005676,Dresses
id_00005677,Dresses
id_00005678,Blouses_Shirts
id_00005679,Pants
id_00005680,Shorts
id_00005681,Rompers_Jumpsuits
id_00005682,Shorts
id_00005683,Tees_Tanks
id_00005684,Pants
id_00005685,Shorts
id_00005686,Dresses
id_00005687,Tees_Tanks
id_00005688,Tees_Tanks
id_00005689,Blouses_Shirts
id_00005690,Pants
id_00005691,Blouses_Shirts
id_00005692,Shorts
id_00005693,Blouses_Shirts
id_00005694,Blouses_Shirts
id_00005695,Blouses_Shirts
id_00005696,Blouses_Shirts
id_00005697,Sweaters
id_00005698,Graphic_Tees
id_00005699,Tees_Tanks
id_00005700,Tees_Tanks
id_00005701,Dresses
id_00005702,Tees_Tanks
id_00005703,Tees_Tanks
id_00005704,Tees_Tanks
id_00005705,Pants
id_00005706,Sweatshirts_Hoodies
id_00005707,Rompers_Jumpsuits
id_00005708,Dresses
id_00005709,Blouses_Shirts
id_00005710,Jackets_Coats
id_00005711,Rompers_Jumpsuits
id_00005712,Dresses
id_00005713,Sweatshirts_Hoodies
id_00005714,Tees_Tanks
id_00005715,Blouses_Shirts
id_00005716,Tees_Tanks
id_00005717,Dresses
id_00005718,Dresses
id_00005719,Sweaters
id_00005720,Sweaters
id_00005721,Shorts
id_00005722,Tees_Tanks
id_00005723,Blouses_Shirts
id_00005724,Denim
id_00005725,Dresses
id_00005726,Blouses_Shirts
id_00005727,Tees_Tanks
id_00005728,Skirts
id_00005729,Graphic_Tees
id_00005730,Tees_Tanks
id_00005731,Shorts
id_00005732,Dresses
id_00005733,Sweatshirts_Hoodies
id_00005734,Dresses
id_00005735,Tees_Tanks
id_00005736,Shorts
id_00005737,Blouses_Shirts
id_00005738,Jackets_Coats
id_00005739,Dresses
id_00005740,Dresses
id_00005741,Leggings
id_00005742,Pants
id_00005743,Tees_Tanks
id_00005744,Tees_Tanks
id_00005745,Shorts
id_00005746,Dresses
id_00005747,Tees_Tanks
id_00005748,Dresses
id_00005749,Dresses
id_00005750,Shorts
id_00005751,Tees_Tanks
id_00005752,Shorts
id_00005753,Sweaters
id_00005754,Dresses
id_00005755,Sweatshirts_Hoodies
id_00005756,Jackets_Coats
id_00005757,Tees_Tanks
id_00005758,Blouses_Shirts
id_00005759,Tees_Tanks
id_00005760,Cardigans
id_00005761,Tees_Tanks
id_00005762,Tees_Tanks
id_00005763,Denim
id_00005764,Dresses
id_00005765,Blouses_Shirts
id_00005766,Pants
id_00005767,Dresses
id_00005768,Dresses
id_00005769,Denim
id_00005770,Tees_Tanks
id_00005771,Skirts
id_00005772,Sweaters
id_00005773,Dresses
id_00005774,Blouses_Shirts
id_00005775,Jackets_Coats
id_00005776,Jackets_Coats
id_00005777,Dresses
id_00005778,Shorts
id_00005779,Dresses
id_00005780,Shorts
id_00005781,Dresses
id_00005782,Tees_Tanks
id_00005783,Dresses
id_00005784,Skirts
id_00005785,Pants
id_00005786,Tees_Tanks
id_00005787,Dresses
id_00005788,Dresses
id_00005789,Blouses_Shirts
id_00005790,Sweaters
id_00005791,Graphic_Tees
id_00005792,Pants
id_00005793,Blouses_Shirts
id_00005794,Blouses_Shirts
id_00005795,Blouses_Shirts
id_00005796,Pants
id_00005797,Tees_Tanks
id_00005798,Denim
id_00005799,Sweatshirts_Hoodies
id_00005800,Dresses
id_00005801,Blouses_Shirts
id_00005802,Dresses
id_00005803,Dresses
id_00005804,Tees_Tanks
id_00005805,Tees_Tanks
id_00005806,Blouses_Shirts
id_00005807,Rompers_Jumpsuits
id_00005808,Tees_Tanks
id_00005809,Dresses
id_00005810,Dresses
id_00005811,Shirts_Polos
id_00005812,Dresses
id_00005813,Dresses
id_00005814,Jackets_Coats
id_00005815,Blouses_Shirts
id_00005816,Blouses_Shirts
id_00005817,Cardigans
id_00005818,Blouses_Shirts
id_00005819,Blouses_Shirts
id_00005820,Tees_Tanks
id_00005821,Dresses
id_00005822,Blouses_Shirts
id_00005823,Blouses_Shirts
id_00005824,Denim
id_00005825,Dresses
id_00005826,Denim
id_00005827,Tees_Tanks
id_00005828,Graphic_Tees
id_00005829,Shorts
id_00005830,Dresses
id_00005831,Sweaters
id_00005832,Rompers_Jumpsuits
id_00005833,Shirts_Polos
id_00005834,Tees_Tanks
id_00005835,Dresses
id_00005836,Sweaters
id_00005837,Tees_Tanks
id_00005838,Shorts
id_00005839,Dresses
id_00005840,Tees_Tanks
id_00005841,Blouses_Shirts
id_00005842,Jackets_Coats
id_00005843,Shorts
id_00005844,Sweatshirts_Hoodies
id_00005845,Dresses
id_00005846,Dresses
id_00005847,Tees_Tanks
id_00005848,Graphic_Tees
id_00005849,Tees_Tanks
id_00005850,Dresses
id_00005851,Sweaters
id_00005852,Dresses
id_00005853,Tees_Tanks
id_00005854,Graphic_Tees
id_00005855,Blouses_Shirts
id_00005856,Tees_Tanks
id_00005857,Dresses
id_00005858,Tees_Tanks
id_00005859,Tees_Tanks
id_00005860,Blouses_Shirts
id_00005861,Dresses
id_00005862,Blouses_Shirts
id_00005863,Blouses_Shirts
id_00005864,Tees_Tanks
id_00005865,Graphic_Tees
id_00005866,Blouses_Shirts
id_00005867,Tees_Tanks
id_00005868,Dresses
id_00005869,Tees_Tanks
id_00005870,Blouses_Shirts
id_00005871,Graphic_Tees
id_00005872,Rompers_Jumpsuits
id_00005873,Blouses_Shirts
id_00005874,Tees_Tanks
id_00005875,Dresses
id_00005876,Sweaters
id_00005877,Shorts
id_00005878,Sweaters
id_00005879,Blouses_Shirts
id_00005880,Pants
id_00005881,Dresses
id_00005882,Tees_Tanks
id_00005883,Blouses_Shirts
id_00005884,Dresses
id_00005885,Sweaters
id_00005886,Blouses_Shirts
id_00005887,Denim
id_00005888,Blouses_Shirts
id_00005889,Dresses
id_00005890,Sweaters
id_00005891,Blouses_Shirts
id_00005892,Denim
id_00005893,Blouses_Shirts
id_00005894,Skirts
id_00005895,Rompers_Jumpsuits
id_00005896,Tees_Tanks
id_00005897,Sweatshirts_Hoodies
id_00005898,Skirts
id_00005899,Tees_Tanks
id_00005900,Dresses
id_00005901,Sweaters
id_00005902,Blouses_Shirts
id_00005903,Tees_Tanks
id_00005904,Skirts
id_00005905,Dresses
id_00005906,Shorts
id_00005907,Dresses
id_00005908,Tees_Tanks
id_00005909,Blouses_Shirts
id_00005910,Sweatshirts_Hoodies
id_00005911,Graphic_Tees
id_00005912,Blouses_Shirts
id_00005913,Shorts
id_00005914,Pants
id_00005915,Blouses_Shirts
id_00005916,Skirts
id_00005917,Tees_Tanks
id_00005918,Tees_Tanks
id_00005919,Sweaters
id_00005920,Pants
id_00005921,Blouses_Shirts
id_00005922,Sweaters
id_00005923,Dresses
id_00005924,Blouses_Shirts
id_00005925,Pants
id_00005926,Blouses_Shirts
id_00005927,Dresses
id_00005929,Blouses_Shirts
id_00005930,Tees_Tanks
id_00005931,Tees_Tanks
id_00005932,Blouses_Shirts
id_00005933,Dresses
id_00005934,Dresses
id_00005935,Blouses_Shirts
id_00005936,Dresses
id_00005937,Dresses
id_00005938,Dresses
id_00005939,Tees_Tanks
id_00005940,Shirts_Polos
id_00005941,Sweaters
id_00005942,Blouses_Shirts
id_00005943,Jackets_Vests
id_00005944,Skirts
id_00005945,Tees_Tanks
id_00005946,Dresses
id_00005947,Tees_Tanks
id_00005948,Dresses
id_00005949,Skirts
id_00005950,Pants
id_00005951,Sweaters
id_00005952,Jackets_Coats
id_00005953,Shorts
id_00005954,Tees_Tanks
id_00005955,Tees_Tanks
id_00005956,Blouses_Shirts
id_00005957,Blouses_Shirts
id_00005958,Tees_Tanks
id_00005959,Pants
id_00005960,Dresses
id_00005961,Denim
id_00005962,Blouses_Shirts
id_00005963,Tees_Tanks
id_00005964,Dresses
id_00005965,Dresses
id_00005966,Shorts
id_00005967,Blouses_Shirts
id_00005968,Dresses
id_00005969,Shorts
id_00005970,Tees_Tanks
id_00005971,Tees_Tanks
id_00005972,Blouses_Shirts
id_00005973,Shorts
id_00005974,Pants
id_00005975,Pants
id_00005976,Tees_Tanks
id_00005977,Dresses
id_00005978,Dresses
id_00005979,Tees_Tanks
id_00005980,Pants
id_00005981,Dresses
id_00005982,Tees_Tanks
id_00005983,Blouses_Shirts
id_00005984,Dresses
id_00005985,Sweatshirts_Hoodies
id_00005986,Shirts_Polos
id_00005987,Blouses_Shirts
id_00005988,Dresses
id_00005989,Shorts
id_00005990,Dresses
id_00005991,Blouses_Shirts
id_00005992,Jackets_Coats
id_00005993,Dresses
id_00005994,Tees_Tanks
id_00005995,Dresses
id_00005996,Shorts
id_00005997,Rompers_Jumpsuits
id_00005998,Dresses
id_00005999,Shorts
id_00006000,Pants
id_00006001,Jackets_Coats
id_00006002,Tees_Tanks
id_00006003,Shorts
id_00006004,Skirts
id_00006005,Dresses
id_00006006,Tees_Tanks
id_00006007,Rompers_Jumpsuits
id_00006008,Sweatshirts_Hoodies
id_00006009,Jackets_Coats
id_00006010,Shorts
id_00006011,Tees_Tanks
id_00006012,Rompers_Jumpsuits
id_00006013,Shorts
id_00006014,Blouses_Shirts
id_00006015,Tees_Tanks
id_00006016,Blouses_Shirts
id_00006017,Dresses
id_00006018,Tees_Tanks
id_00006019,Blouses_Shirts
id_00006020,Tees_Tanks
id_00006021,Skirts
id_00006022,Dresses
id_00006023,Dresses
id_00006024,Dresses
id_00006025,Shorts
id_00006026,Dresses
id_00006027,Skirts
id_00006028,Jackets_Coats
id_00006029,Tees_Tanks
id_00006030,Tees_Tanks
id_00006031,Tees_Tanks
id_00006032,Graphic_Tees
id_00006033,Tees_Tanks
id_00006034,Denim
id_00006035,Tees_Tanks
id_00006036,Blouses_Shirts
id_00006037,Jackets_Coats
id_00006038,Shorts
id_00006039,Pants
id_00006040,Dresses
id_00006041,Tees_Tanks
id_00006042,Pants
id_00006043,Tees_Tanks
id_00006044,Blouses_Shirts
id_00006045,Sweaters
id_00006046,Blouses_Shirts
id_00006047,Blouses_Shirts
id_00006048,Graphic_Tees
id_00006049,Sweaters
id_00006050,Shorts
id_00006051,Shorts
id_00006052,Sweaters
id_00006053,Sweatshirts_Hoodies
id_00006054,Jackets_Coats
id_00006055,Shirts_Polos
id_00006056,Tees_Tanks
id_00006057,Pants
id_00006058,Dresses
id_00006059,Tees_Tanks
id_00006060,Tees_Tanks
id_00006061,Blouses_Shirts
id_00006062,Tees_Tanks
id_00006063,Shorts
id_00006064,Blouses_Shirts
id_00006065,Blouses_Shirts
id_00006066,Tees_Tanks
id_00006067,Dresses
id_00006068,Dresses
id_00006069,Dresses
id_00006070,Sweaters
id_00006071,Dresses
id_00006072,Shorts
id_00006073,Dresses
id_00006074,Skirts
id_00006075,Tees_Tanks
id_00006076,Dresses
id_00006077,Tees_Tanks
id_00006078,Blouses_Shirts
id_00006079,Pants
id_00006080,Sweaters
id_00006081,Pants
id_00006082,Skirts
id_00006083,Dresses
id_00006084,Tees_Tanks
id_00006085,Blouses_Shirts
id_00006086,Skirts
id_00006087,Jackets_Coats
id_00006088,Tees_Tanks
id_00006089,Graphic_Tees
id_00006090,Tees_Tanks
id_00006091,Tees_Tanks
id_00006092,Blouses_Shirts
id_00006093,Tees_Tanks
id_00006094,Jackets_Coats
id_00006095,Graphic_Tees
id_00006096,Jackets_Coats
id_00006097,Skirts
id_00006098,Dresses
id_00006099,Dresses
id_00006100,Denim
id_00006101,Tees_Tanks
id_00006102,Rompers_Jumpsuits
id_00006103,Tees_Tanks
id_00006104,Cardigans
id_00006105,Pants
id_00006106,Denim
id_00006107,Blouses_Shirts
id_00006108,Shorts
id_00006109,Dresses
id_00006110,Skirts
id_00006111,Pants
id_00006112,Rompers_Jumpsuits
id_00006113,Dresses
id_00006114,Tees_Tanks
id_00006115,Dresses
id_00006116,Tees_Tanks
id_00006117,Denim
id_00006118,Tees_Tanks
id_00006119,Graphic_Tees
id_00006120,Shorts
id_00006121,Shorts
id_00006122,Skirts
id_00006123,Dresses
id_00006124,Skirts
id_00006125,Tees_Tanks
id_00006126,Shorts
id_00006127,Blouses_Shirts
id_00006128,Rompers_Jumpsuits
id_00006129,Tees_Tanks
id_00006130,Blouses_Shirts
id_00006131,Tees_Tanks
id_00006132,Tees_Tanks
id_00006133,Leggings
id_00006134,Dresses
id_00006135,Cardigans
id_00006136,Tees_Tanks
id_00006137,Tees_Tanks
id_00006138,Denim
id_00006139,Blouses_Shirts
id_00006140,Sweaters
id_00006141,Pants
id_00006142,Shorts
id_00006143,Shorts
id_00006144,Blouses_Shirts
id_00006145,Tees_Tanks
id_00006146,Blouses_Shirts
id_00006147,Sweatshirts_Hoodies
id_00006148,Tees_Tanks
id_00006149,Shorts
id_00006150,Shorts
id_00006151,Blouses_Shirts
id_00006152,Denim
id_00006153,Dresses
id_00006154,Blouses_Shirts
id_00006155,Blouses_Shirts
id_00006156,Dresses
id_00006157,Skirts
id_00006158,Tees_Tanks
id_00006159,Dresses
id_00006160,Blouses_Shirts
id_00006161,Shorts
id_00006162,Jackets_Coats
id_00006163,Tees_Tanks
id_00006164,Dresses
id_00006165,Tees_Tanks
id_00006166,Rompers_Jumpsuits
id_00006167,Tees_Tanks
id_00006168,Dresses
id_00006169,Dresses
id_00006170,Tees_Tanks
id_00006171,Tees_Tanks
id_00006172,Dresses
id_00006173,Blouses_Shirts
id_00006174,Jackets_Coats
id_00006175,Tees_Tanks
id_00006176,Leggings
id_00006177,Tees_Tanks
id_00006178,Skirts
id_00006179,Rompers_Jumpsuits
id_00006180,Tees_Tanks
id_00006181,Skirts
id_00006182,Sweatshirts_Hoodies
id_00006183,Tees_Tanks
id_00006184,Skirts
id_00006185,Tees_Tanks
id_00006186,Graphic_Tees
id_00006187,Pants
id_00006188,Blouses_Shirts
id_00006189,Graphic_Tees
id_00006190,Sweatshirts_Hoodies
id_00006191,Blouses_Shirts
id_00006192,Tees_Tanks
id_00006193,Cardigans
id_00006194,Dresses
id_00006195,Graphic_Tees
id_00006196,Tees_Tanks
id_00006197,Blouses_Shirts
id_00006198,Tees_Tanks
id_00006199,Tees_Tanks
id_00006200,Blouses_Shirts
id_00006201,Dresses
id_00006202,Dresses
id_00006203,Skirts
id_00006204,Dresses
id_00006205,Sweaters
id_00006206,Tees_Tanks
id_00006207,Shorts
id_00006208,Tees_Tanks
id_00006209,Blouses_Shirts
id_00006210,Tees_Tanks
id_00006211,Blouses_Shirts
id_00006212,Sweatshirts_Hoodies
id_00006213,Blouses_Shirts
id_00006214,Blouses_Shirts
id_00006215,Shorts
id_00006216,Pants
id_00006217,Rompers_Jumpsuits
id_00006218,Pants
id_00006219,Sweaters
id_00006220,Pants
id_00006221,Blouses_Shirts
id_00006222,Tees_Tanks
id_00006223,Jackets_Coats
id_00006224,Dresses
id_00006225,Blouses_Shirts
id_00006226,Dresses
id_00006227,Tees_Tanks
id_00006228,Shorts
id_00006229,Pants
id_00006230,Jackets_Coats
id_00006231,Blouses_Shirts
id_00006232,Tees_Tanks
id_00006234,Blouses_Shirts
id_00006235,Rompers_Jumpsuits
id_00006236,Blouses_Shirts
id_00006237,Tees_Tanks
id_00006238,Denim
id_00006239,Graphic_Tees
id_00006240,Tees_Tanks
id_00006241,Shorts
id_00006242,Tees_Tanks
id_00006243,Tees_Tanks
id_00006244,Dresses
id_00006245,Dresses
id_00006246,Graphic_Tees
id_00006247,Tees_Tanks
id_00006248,Dresses
id_00006249,Dresses
id_00006250,Pants
id_00006251,Sweatshirts_Hoodies
id_00006252,Blouses_Shirts
id_00006253,Skirts
id_00006254,Dresses
id_00006255,Cardigans
id_00006256,Blouses_Shirts
id_00006257,Blouses_Shirts
id_00006258,Jackets_Coats
id_00006259,Tees_Tanks
id_00006260,Dresses
id_00006261,Tees_Tanks
id_00006262,Blouses_Shirts
id_00006263,Blouses_Shirts
id_00006264,Tees_Tanks
id_00006265,Sweatshirts_Hoodies
id_00006266,Cardigans
id_00006267,Tees_Tanks
id_00006268,Pants
id_00006269,Blouses_Shirts
id_00006270,Graphic_Tees
id_00006271,Sweatshirts_Hoodies
id_00006272,Blouses_Shirts
id_00006273,Graphic_Tees
id_00006274,Dresses
id_00006275,Pants
id_00006276,Dresses
id_00006277,Blouses_Shirts
id_00006278,Graphic_Tees
id_00006279,Cardigans
id_00006280,Blouses_Shirts
id_00006281,Shorts
id_00006282,Dresses
id_00006283,Shorts
id_00006284,Shorts
id_00006285,Blouses_Shirts
id_00006286,Sweatshirts_Hoodies
id_00006287,Tees_Tanks
id_00006288,Dresses
id_00006289,Blouses_Shirts
id_00006290,Sweaters
id_00006291,Shorts
id_00006292,Pants
id_00006293,Blouses_Shirts
id_00006294,Dresses
id_00006295,Tees_Tanks
id_00006296,Jackets_Coats
id_00006297,Tees_Tanks
id_00006298,Shorts
id_00006299,Jackets_Vests
id_00006300,Blouses_Shirts
id_00006301,Sweaters
id_00006302,Jackets_Coats
id_00006303,Blouses_Shirts
id_00006304,Dresses
id_00006305,Blouses_Shirts
id_00006306,Dresses
id_00006307,Jackets_Coats
id_00006308,Blouses_Shirts
id_00006309,Shorts
id_00006310,Pants
id_00006311,Jackets_Coats
id_00006312,Cardigans
id_00006313,Tees_Tanks
id_00006314,Jackets_Coats
id_00006315,Tees_Tanks
id_00006316,Cardigans
id_00006317,Tees_Tanks
id_00006318,Sweaters
id_00006319,Blouses_Shirts
id_00006320,Shorts
id_00006321,Cardigans
id_00006322,Tees_Tanks
id_00006323,Dresses
id_00006324,Dresses
id_00006325,Tees_Tanks
id_00006326,Blouses_Shirts
id_00006327,Dresses
id_00006328,Tees_Tanks
id_00006329,Tees_Tanks
id_00006330,Rompers_Jumpsuits
id_00006331,Blouses_Shirts
id_00006332,Dresses
id_00006333,Tees_Tanks
id_00006334,Sweaters
id_00006335,Sweatshirts_Hoodies
id_00006336,Sweaters
id_00006337,Jackets_Coats
id_00006338,Shorts
id_00006339,Dresses
id_00006340,Dresses
id_00006341,Pants
id_00006342,Tees_Tanks
id_00006343,Tees_Tanks
id_00006344,Jackets_Vests
id_00006345,Blouses_Shirts
id_00006346,Pants
id_00006347,Dresses
id_00006348,Blouses_Shirts
id_00006349,Blouses_Shirts
id_00006350,Blouses_Shirts
id_00006351,Pants
id_00006352,Cardigans
id_00006353,Jackets_Coats
id_00006354,Blouses_Shirts
id_00006355,Blouses_Shirts
id_00006356,Sweaters
id_00006357,Tees_Tanks
id_00006358,Tees_Tanks
id_00006359,Denim
id_00006360,Skirts
id_00006361,Rompers_Jumpsuits
id_00006362,Skirts
id_00006363,Dresses
id_00006364,Jackets_Coats
id_00006365,Rompers_Jumpsuits
id_00006366,Tees_Tanks
id_00006367,Dresses
id_00006368,Dresses
id_00006369,Dresses
id_00006370,Blouses_Shirts
id_00006371,Tees_Tanks
id_00006372,Blouses_Shirts
id_00006373,Cardigans
id_00006374,Skirts
id_00006375,Tees_Tanks
id_00006376,Jackets_Coats
id_00006377,Tees_Tanks
id_00006378,Dresses
id_00006379,Sweaters
id_00006380,Blouses_Shirts
id_00006381,Tees_Tanks
id_00006382,Shorts
id_00006383,Tees_Tanks
id_00006384,Graphic_Tees
id_00006385,Blouses_Shirts
id_00006386,Rompers_Jumpsuits
id_00006387,Blouses_Shirts
id_00006388,Tees_Tanks
id_00006389,Blouses_Shirts
id_00006390,Skirts
id_00006391,Tees_Tanks
id_00006392,Dresses
id_00006393,Jackets_Coats
id_00006394,Dresses
id_00006395,Dresses
id_00006396,Jackets_Coats
id_00006397,Sweaters
id_00006398,Blouses_Shirts
id_00006399,Dresses
id_00006400,Tees_Tanks
id_00006401,Blouses_Shirts
id_00006402,Dresses
id_00006403,Dresses
id_00006404,Blouses_Shirts
id_00006405,Blouses_Shirts
id_00006406,Dresses
id_00006407,Denim
id_00006408,Rompers_Jumpsuits
id_00006409,Graphic_Tees
id_00006410,Tees_Tanks
id_00006411,Tees_Tanks
id_00006412,Dresses
id_00006413,Blouses_Shirts
id_00006414,Dresses
id_00006415,Graphic_Tees
id_00006416,Sweaters
id_00006417,Skirts
id_00006418,Dresses
id_00006419,Shorts
id_00006420,Shorts
id_00006421,Tees_Tanks
id_00006422,Skirts
id_00006423,Tees_Tanks
id_00006424,Tees_Tanks
id_00006425,Tees_Tanks
id_00006426,Tees_Tanks
id_00006427,Sweaters
id_00006428,Pants
id_00006429,Rompers_Jumpsuits
id_00006430,Pants
id_00006431,Shorts
id_00006432,Shirts_Polos
id_00006433,Shorts
id_00006434,Graphic_Tees
id_00006435,Dresses
id_00006436,Sweaters
id_00006437,Dresses
id_00006438,Rompers_Jumpsuits
id_00006439,Denim
id_00006440,Shorts
id_00006441,Sweaters
id_00006442,Dresses
id_00006443,Jackets_Coats
id_00006444,Dresses
id_00006445,Blouses_Shirts
id_00006446,Tees_Tanks
id_00006447,Shorts
id_00006448,Rompers_Jumpsuits
id_00006449,Skirts
id_00006450,Sweaters
id_00006451,Shorts
id_00006452,Dresses
id_00006453,Jackets_Coats
id_00006454,Dresses
id_00006455,Blouses_Shirts
id_00006456,Tees_Tanks
id_00006457,Pants
id_00006458,Sweaters
id_00006459,Tees_Tanks
id_00006460,Jackets_Coats
id_00006461,Shorts
id_00006462,Cardigans
id_00006463,Skirts
id_00006464,Blouses_Shirts
id_00006465,Denim
id_00006466,Blouses_Shirts
id_00006467,Jackets_Coats
id_00006468,Blouses_Shirts
id_00006469,Pants
id_00006470,Cardigans
id_00006471,Blouses_Shirts
id_00006472,Blouses_Shirts
id_00006473,Shorts
id_00006474,Blouses_Shirts
id_00006475,Rompers_Jumpsuits
id_00006476,Cardigans
id_00006477,Tees_Tanks
id_00006478,Sweatshirts_Hoodies
id_00006479,Dresses
id_00006480,Sweaters
id_00006481,Pants
id_00006482,Rompers_Jumpsuits
id_00006483,Sweaters
id_00006484,Tees_Tanks
id_00006485,Tees_Tanks
id_00006486,Dresses
id_00006487,Sweaters
id_00006488,Blouses_Shirts
id_00006489,Tees_Tanks
id_00006490,Dresses
id_00006491,Dresses
id_00006492,Dresses
id_00006493,Pants
id_00006494,Dresses
id_00006495,Rompers_Jumpsuits
id_00006496,Dresses
id_00006497,Dresses
id_00006498,Jackets_Coats
id_00006499,Jackets_Coats
id_00006500,Sweatshirts_Hoodies
id_00006501,Tees_Tanks
id_00006502,Dresses
id_00006503,Blouses_Shirts
id_00006504,Blouses_Shirts
id_00006505,Sweaters
id_00006506,Blouses_Shirts
id_00006507,Tees_Tanks
id_00006508,Shorts
id_00006509,Blouses_Shirts
id_00006510,Blouses_Shirts
id_00006511,Blouses_Shirts
id_00006512,Pants
id_00006513,Blouses_Shirts
id_00006514,Shorts
id_00006515,Tees_Tanks
id_00006516,Tees_Tanks
id_00006517,Skirts
id_00006518,Skirts
id_00006519,Dresses
id_00006520,Blouses_Shirts
id_00006521,Pants
id_00006522,Sweaters
id_00006523,Tees_Tanks
id_00006524,Blouses_Shirts
id_00006525,Blouses_Shirts
id_00006526,Dresses
id_00006527,Skirts
id_00006528,Sweaters
id_00006529,Blouses_Shirts
id_00006530,Blouses_Shirts
id_00006531,Blouses_Shirts
id_00006532,Tees_Tanks
id_00006533,Dresses
id_00006534,Pants
id_00006535,Pants
id_00006536,Blouses_Shirts
id_00006537,Blouses_Shirts
id_00006538,Jackets_Coats
id_00006539,Dresses
id_00006540,Sweaters
id_00006541,Tees_Tanks
id_00006542,Sweaters
id_00006543,Dresses
id_00006544,Blouses_Shirts
id_00006545,Skirts
id_00006546,Tees_Tanks
id_00006547,Shorts
id_00006548,Skirts
id_00006549,Cardigans
id_00006550,Tees_Tanks
id_00006551,Tees_Tanks
id_00006552,Shorts
id_00006553,Tees_Tanks
id_00006554,Tees_Tanks
id_00006555,Dresses
id_00006556,Denim
id_00006557,Pants
id_00006558,Sweatshirts_Hoodies
id_00006559,Tees_Tanks
id_00006560,Skirts
id_00006561,Blouses_Shirts
id_00006562,Tees_Tanks
id_00006563,Shorts
id_00006564,Rompers_Jumpsuits
id_00006565,Blouses_Shirts
id_00006566,Tees_Tanks
id_00006567,Shorts
id_00006568,Blouses_Shirts
id_00006569,Jackets_Coats
id_00006570,Tees_Tanks
id_00006571,Rompers_Jumpsuits
id_00006572,Tees_Tanks
id_00006573,Tees_Tanks
id_00006574,Shorts
id_00006575,Blouses_Shirts
id_00006576,Leggings
id_00006577,Blouses_Shirts
id_00006578,Rompers_Jumpsuits
id_00006579,Cardigans
id_00006580,Rompers_Jumpsuits
id_00006581,Tees_Tanks
id_00006582,Jackets_Coats
id_00006583,Tees_Tanks
id_00006584,Skirts
id_00006585,Tees_Tanks
id_00006586,Tees_Tanks
id_00006587,Blouses_Shirts
id_00006588,Rompers_Jumpsuits
id_00006589,Dresses
id_00006590,Shorts
id_00006591,Blouses_Shirts
id_00006592,Tees_Tanks
id_00006593,Blouses_Shirts
id_00006594,Pants
id_00006595,Cardigans
id_00006596,Tees_Tanks
id_00006597,Blouses_Shirts
id_00006598,Rompers_Jumpsuits
id_00006599,Blouses_Shirts
id_00006600,Pants
id_00006601,Blouses_Shirts
id_00006602,Tees_Tanks
id_00006603,Dresses
id_00006604,Shorts
id_00006605,Blouses_Shirts
id_00006606,Blouses_Shirts
id_00006607,Tees_Tanks
id_00006608,Denim
id_00006609,Tees_Tanks
id_00006610,Rompers_Jumpsuits
id_00006611,Dresses
id_00006612,Skirts
id_00006613,Sweaters
id_00006614,Tees_Tanks
id_00006615,Blouses_Shirts
id_00006616,Tees_Tanks
id_00006617,Pants
id_00006618,Rompers_Jumpsuits
id_00006619,Shorts
id_00006620,Dresses
id_00006621,Tees_Tanks
id_00006622,Dresses
id_00006623,Blouses_Shirts
id_00006624,Shorts
id_00006625,Blouses_Shirts
id_00006626,Dresses
id_00006627,Shorts
id_00006628,Tees_Tanks
id_00006629,Sweatshirts_Hoodies
id_00006630,Jackets_Coats
id_00006631,Tees_Tanks
id_00006632,Blouses_Shirts
id_00006633,Tees_Tanks
id_00006634,Tees_Tanks
id_00006635,Dresses
id_00006636,Dresses
id_00006637,Shorts
id_00006638,Blouses_Shirts
id_00006639,Graphic_Tees
id_00006640,Tees_Tanks
id_00006641,Blouses_Shirts
id_00006642,Blouses_Shirts
id_00006643,Blouses_Shirts
id_00006644,Sweaters
id_00006645,Tees_Tanks
id_00006646,Tees_Tanks
id_00006647,Rompers_Jumpsuits
id_00006648,Shorts
id_00006649,Rompers_Jumpsuits
id_00006650,Jackets_Coats
id_00006651,Rompers_Jumpsuits
id_00006652,Sweatshirts_Hoodies
id_00006653,Pants
id_00006654,Blouses_Shirts
id_00006655,Tees_Tanks
id_00006656,Dresses
id_00006657,Tees_Tanks
id_00006658,Blouses_Shirts
id_00006659,Dresses
id_00006660,Tees_Tanks
id_00006661,Rompers_Jumpsuits
id_00006662,Blouses_Shirts
id_00006663,Dresses
id_00006664,Dresses
id_00006665,Blouses_Shirts
id_00006666,Skirts
id_00006667,Shorts
id_00006668,Blouses_Shirts
id_00006669,Shorts
id_00006670,Blouses_Shirts
id_00006671,Graphic_Tees
id_00006672,Denim
id_00006673,Sweatshirts_Hoodies
id_00006674,Tees_Tanks
id_00006675,Sweaters
id_00006676,Pants
id_00006677,Dresses
id_00006678,Tees_Tanks
id_00006679,Tees_Tanks
id_00006680,Shorts
id_00006681,Graphic_Tees
id_00006682,Graphic_Tees
id_00006683,Sweaters
id_00006684,Graphic_Tees
id_00006685,Sweaters
id_00006686,Tees_Tanks
id_00006687,Tees_Tanks
id_00006688,Pants
id_00006689,Blouses_Shirts
id_00006690,Jackets_Coats
id_00006691,Dresses
id_00006692,Pants
id_00006693,Pants
id_00006694,Blouses_Shirts
id_00006695,Blouses_Shirts
id_00006696,Sweaters
id_00006697,Pants
id_00006698,Dresses
id_00006699,Dresses
id_00006700,Tees_Tanks
id_00006701,Tees_Tanks
id_00006702,Cardigans
id_00006703,Sweaters
id_00006704,Dresses
id_00006705,Dresses
id_00006706,Dresses
id_00006707,Tees_Tanks
id_00006708,Blouses_Shirts
id_00006709,Tees_Tanks
id_00006710,Jackets_Coats
id_00006711,Dresses
id_00006712,Skirts
id_00006713,Tees_Tanks
id_00006714,Jackets_Coats
id_00006715,Rompers_Jumpsuits
id_00006716,Shorts
id_00006717,Tees_Tanks
id_00006718,Cardigans
id_00006719,Skirts
id_00006720,Dresses
id_00006721,Dresses
id_00006722,Tees_Tanks
id_00006723,Shorts
id_00006724,Dresses
id_00006725,Cardigans
id_00006726,Tees_Tanks
id_00006727,Tees_Tanks
id_00006728,Blouses_Shirts
id_00006729,Shorts
id_00006730,Dresses
id_00006731,Blouses_Shirts
id_00006732,Blouses_Shirts
id_00006733,Dresses
id_00006734,Sweaters
id_00006735,Blouses_Shirts
id_00006736,Jackets_Vests
id_00006737,Sweaters
id_00006738,Tees_Tanks
id_00006739,Dresses
id_00006740,Sweatshirts_Hoodies
id_00006741,Dresses
id_00006742,Cardigans
id_00006743,Graphic_Tees
id_00006744,Blouses_Shirts
id_00006745,Shorts
id_00006746,Shorts
id_00006747,Denim
id_00006748,Rompers_Jumpsuits
id_00006749,Pants
id_00006750,Shorts
id_00006751,Blouses_Shirts
id_00006752,Dresses
id_00006753,Sweatshirts_Hoodies
id_00006754,Cardigans
id_00006755,Dresses
id_00006756,Tees_Tanks
id_00006757,Blouses_Shirts
id_00006758,Dresses
id_00006759,Skirts
id_00006760,Dresses
id_00006761,Skirts
id_00006762,Skirts
id_00006763,Shorts
id_00006764,Tees_Tanks
id_00006765,Shorts
id_00006766,Tees_Tanks
id_00006767,Dresses
id_00006768,Sweaters
id_00006769,Tees_Tanks
id_00006770,Dresses
id_00006771,Skirts
id_00006772,Dresses
id_00006773,Jackets_Coats
id_00006774,Blouses_Shirts
id_00006775,Sweaters
id_00006776,Shorts
id_00006777,Tees_Tanks
id_00006778,Blouses_Shirts
id_00006779,Cardigans
id_00006780,Dresses
id_00006781,Tees_Tanks
id_00006782,Sweaters
id_00006783,Jackets_Coats
id_00006784,Shorts
id_00006785,Dresses
id_00006786,Dresses
id_00006787,Tees_Tanks
id_00006788,Dresses
id_00006789,Pants
id_00006790,Shirts_Polos
id_00006791,Tees_Tanks
id_00006792,Blouses_Shirts
id_00006793,Graphic_Tees
id_00006794,Pants
id_00006795,Dresses
id_00006796,Blouses_Shirts
id_00006797,Tees_Tanks
id_00006798,Jackets_Coats
id_00006799,Sweaters
id_00006800,Cardigans
id_00006801,Dresses
id_00006802,Dresses
id_00006803,Dresses
id_00006804,Pants
id_00006805,Dresses
id_00006806,Blouses_Shirts
id_00006807,Sweatshirts_Hoodies
id_00006808,Jackets_Coats
id_00006809,Tees_Tanks
id_00006810,Skirts
id_00006811,Dresses
id_00006812,Sweaters
id_00006813,Dresses
id_00006814,Sweaters
id_00006815,Blouses_Shirts
id_00006816,Blouses_Shirts
id_00006817,Jackets_Coats
id_00006818,Shorts
id_00006819,Jackets_Coats
id_00006820,Tees_Tanks
id_00006821,Blouses_Shirts
id_00006822,Cardigans
id_00006823,Blouses_Shirts
id_00006824,Dresses
id_00006825,Shorts
id_00006826,Pants
id_00006827,Graphic_Tees
id_00006828,Blouses_Shirts
id_00006829,Shorts
id_00006830,Pants
id_00006831,Blouses_Shirts
id_00006832,Skirts
id_00006833,Rompers_Jumpsuits
id_00006834,Shorts
id_00006835,Dresses
id_00006836,Blouses_Shirts
id_00006837,Jackets_Coats
id_00006838,Pants
id_00006839,Dresses
id_00006840,Pants
id_00006841,Denim
id_00006842,Blouses_Shirts
id_00006843,Blouses_Shirts
id_00006844,Tees_Tanks
id_00006845,Cardigans
id_00006846,Tees_Tanks
id_00006847,Tees_Tanks
id_00006848,Rompers_Jumpsuits
id_00006849,Sweaters
id_00006850,Sweaters
id_00006851,Blouses_Shirts
id_00006852,Dresses
id_00006853,Rompers_Jumpsuits
id_00006854,Dresses
id_00006855,Dresses
id_00006856,Pants
id_00006857,Skirts
id_00006858,Blouses_Shirts
id_00006859,Tees_Tanks
id_00006860,Jackets_Coats
id_00006861,Shorts
id_00006862,Dresses
id_00006863,Tees_Tanks
id_00006864,Tees_Tanks
id_00006865,Tees_Tanks
id_00006866,Blouses_Shirts
id_00006867,Tees_Tanks
id_00006868,Dresses
id_00006869,Blouses_Shirts
id_00006870,Tees_Tanks
id_00006871,Tees_Tanks
id_00006872,Tees_Tanks
id_00006873,Pants
id_00006874,Tees_Tanks
id_00006875,Dresses
id_00006876,Jackets_Coats
id_00006877,Sweatshirts_Hoodies
id_00006878,Leggings
id_00006879,Jackets_Coats
id_00006880,Tees_Tanks
id_00006881,Skirts
id_00006882,Sweaters
id_00006883,Graphic_Tees
id_00006884,Graphic_Tees
id_00006885,Skirts
id_00006886,Pants
id_00006887,Tees_Tanks
id_00006888,Dresses
id_00006889,Pants
id_00006890,Rompers_Jumpsuits
id_00006891,Tees_Tanks
id_00006892,Shorts
id_00006893,Dresses
id_00006894,Blouses_Shirts
id_00006895,Blouses_Shirts
id_00006896,Skirts
id_00006897,Pants
id_00006898,Dresses
id_00006899,Blouses_Shirts
id_00006900,Tees_Tanks
id_00006901,Tees_Tanks
id_00006902,Sweatshirts_Hoodies
id_00006903,Tees_Tanks
id_00006904,Leggings
id_00006905,Shorts
id_00006906,Rompers_Jumpsuits
id_00006907,Tees_Tanks
id_00006908,Pants
id_00006909,Dresses
id_00006910,Dresses
id_00006911,Blouses_Shirts
id_00006912,Jackets_Vests
id_00006913,Shorts
id_00006914,Dresses
id_00006915,Jackets_Vests
id_00006916,Dresses
id_00006917,Blouses_Shirts
id_00006918,Graphic_Tees
id_00006919,Tees_Tanks
id_00006920,Tees_Tanks
id_00006921,Rompers_Jumpsuits
id_00006922,Blouses_Shirts
id_00006923,Blouses_Shirts
id_00006924,Tees_Tanks
id_00006925,Dresses
id_00006926,Blouses_Shirts
id_00006927,Blouses_Shirts
id_00006928,Jackets_Coats
id_00006929,Sweatshirts_Hoodies
id_00006930,Tees_Tanks
id_00006931,Blouses_Shirts
id_00006932,Tees_Tanks
id_00006933,Pants
id_00006934,Dresses
id_00006935,Jackets_Coats
id_00006936,Tees_Tanks
id_00006937,Tees_Tanks
id_00006938,Graphic_Tees
id_00006939,Dresses
id_00006940,Dresses
id_00006941,Sweaters
id_00006942,Blouses_Shirts
id_00006943,Tees_Tanks
id_00006944,Dresses
id_00006945,Blouses_Shirts
id_00006946,Tees_Tanks
id_00006947,Blouses_Shirts
id_00006948,Sweatshirts_Hoodies
id_00006949,Shorts
id_00006950,Blouses_Shirts
id_00006951,Blouses_Shirts
id_00006952,Dresses
id_00006953,Blouses_Shirts
id_00006954,Dresses
id_00006955,Sweaters
id_00006956,Rompers_Jumpsuits
id_00006957,Pants
id_00006958,Rompers_Jumpsuits
id_00006959,Denim
id_00006960,Tees_Tanks
id_00006961,Dresses
id_00006962,Shorts
id_00006963,Sweatshirts_Hoodies
id_00006964,Dresses
id_00006965,Cardigans
id_00006966,Tees_Tanks
id_00006967,Jackets_Coats
id_00006968,Shorts
id_00006969,Blouses_Shirts
id_00006970,Blouses_Shirts
id_00006971,Tees_Tanks
id_00006972,Tees_Tanks
id_00006973,Rompers_Jumpsuits
id_00006974,Cardigans
id_00006975,Sweaters
id_00006976,Sweatshirts_Hoodies
id_00006977,Dresses
id_00006978,Blouses_Shirts
id_00006979,Dresses
id_00006980,Pants
id_00006981,Dresses
id_00006982,Blouses_Shirts
id_00006983,Dresses
id_00006984,Skirts
id_00006985,Jackets_Coats
id_00006986,Blouses_Shirts
id_00006987,Blouses_Shirts
id_00006988,Dresses
id_00006989,Dresses
id_00006990,Graphic_Tees
id_00006991,Tees_Tanks
id_00006992,Dresses
id_00006993,Dresses
id_00006994,Tees_Tanks
id_00006995,Tees_Tanks
id_00006996,Sweatshirts_Hoodies
id_00006997,Dresses
id_00006998,Tees_Tanks
id_00006999,Tees_Tanks
id_00007000,Shorts
id_00007001,Tees_Tanks
id_00007002,Shorts
id_00007003,Blouses_Shirts
id_00007004,Shorts
id_00007005,Dresses
id_00007006,Tees_Tanks
id_00007007,Rompers_Jumpsuits
id_00007008,Sweaters
id_00007009,Cardigans
id_00007010,Dresses
id_00007011,Blouses_Shirts
id_00007012,Cardigans
id_00007013,Tees_Tanks
id_00007014,Tees_Tanks
id_00007015,Sweaters
id_00007016,Dresses
id_00007017,Jackets_Coats
id_00007018,Dresses
id_00007019,Blouses_Shirts
id_00007020,Skirts
id_00007021,Dresses
id_00007022,Tees_Tanks
id_00007023,Blouses_Shirts
id_00007024,Dresses
id_00007025,Sweaters
id_00007026,Tees_Tanks
id_00007027,Shirts_Polos
id_00007028,Tees_Tanks
id_00007029,Tees_Tanks
id_00007030,Dresses
id_00007031,Dresses
id_00007032,Sweaters
id_00007033,Blouses_Shirts
id_00007034,Tees_Tanks
id_00007035,Dresses
id_00007036,Dresses
id_00007037,Blouses_Shirts
id_00007038,Blouses_Shirts
id_00007039,Blouses_Shirts
id_00007040,Sweatshirts_Hoodies
id_00007041,Tees_Tanks
id_00007042,Pants
id_00007043,Dresses
id_00007044,Skirts
id_00007045,Blouses_Shirts
id_00007046,Dresses
id_00007047,Rompers_Jumpsuits
id_00007048,Shorts
id_00007049,Blouses_Shirts
id_00007050,Tees_Tanks
id_00007051,Blouses_Shirts
id_00007052,Dresses
id_00007053,Blouses_Shirts
id_00007054,Tees_Tanks
id_00007055,Skirts
id_00007056,Sweaters
id_00007057,Rompers_Jumpsuits
id_00007058,Blouses_Shirts
id_00007059,Tees_Tanks
id_00007060,Blouses_Shirts
id_00007061,Pants
id_00007062,Sweaters
id_00007063,Tees_Tanks
id_00007064,Blouses_Shirts
id_00007065,Dresses
id_00007066,Shorts
id_00007067,Blouses_Shirts
id_00007068,Sweatshirts_Hoodies
id_00007069,Jackets_Coats
id_00007070,Dresses
id_00007071,Tees_Tanks
id_00007072,Blouses_Shirts
id_00007073,Tees_Tanks
id_00007074,Tees_Tanks
id_00007075,Tees_Tanks
id_00007076,Graphic_Tees
id_00007077,Graphic_Tees
id_00007078,Dresses
id_00007079,Sweaters
id_00007080,Blouses_Shirts
id_00007081,Blouses_Shirts
id_00007082,Tees_Tanks
id_00007083,Blouses_Shirts
id_00007084,Dresses
id_00007085,Pants
id_00007086,Dresses
id_00007087,Dresses
id_00007088,Shorts
id_00007089,Sweaters
id_00007090,Sweaters
id_00007091,Blouses_Shirts
id_00007092,Blouses_Shirts
id_00007093,Tees_Tanks
id_00007094,Tees_Tanks
id_00007095,Dresses
id_00007096,Pants
id_00007097,Rompers_Jumpsuits
id_00007098,Jackets_Coats
id_00007099,Pants
id_00007100,Graphic_Tees
id_00007101,Dresses
id_00007102,Sweaters
id_00007103,Shorts
id_00007104,Tees_Tanks
id_00007105,Tees_Tanks
id_00007106,Tees_Tanks
id_00007107,Shorts
id_00007108,Jackets_Coats
id_00007109,Dresses
id_00007110,Rompers_Jumpsuits
id_00007111,Blouses_Shirts
id_00007112,Sweaters
id_00007113,Rompers_Jumpsuits
id_00007114,Shorts
id_00007115,Shorts
id_00007116,Sweaters
id_00007117,Tees_Tanks
id_00007118,Jackets_Coats
id_00007119,Blouses_Shirts
id_00007120,Tees_Tanks
id_00007121,Dresses
id_00007122,Tees_Tanks
id_00007123,Jackets_Coats
id_00007124,Dresses
id_00007125,Tees_Tanks
id_00007126,Skirts
id_00007127,Skirts
id_00007128,Shorts
id_00007129,Tees_Tanks
id_00007130,Tees_Tanks
id_00007131,Shorts
id_00007132,Dresses
id_00007133,Pants
id_00007134,Rompers_Jumpsuits
id_00007135,Pants
id_00007136,Pants
id_00007137,Blouses_Shirts
id_00007138,Skirts
id_00007139,Pants
id_00007140,Dresses
id_00007141,Shorts
id_00007142,Skirts
id_00007143,Dresses
id_00007144,Blouses_Shirts
id_00007145,Tees_Tanks
id_00007146,Pants
id_00007147,Tees_Tanks
id_00007148,Dresses
id_00007149,Blouses_Shirts
id_00007150,Tees_Tanks
id_00007151,Dresses
id_00007152,Tees_Tanks
id_00007153,Blouses_Shirts
id_00007154,Dresses
id_00007155,Skirts
id_00007156,Blouses_Shirts
id_00007157,Jackets_Coats
id_00007158,Tees_Tanks
id_00007159,Blouses_Shirts
id_00007160,Shorts
id_00007161,Blouses_Shirts
id_00007162,Dresses
id_00007163,Shorts
id_00007164,Tees_Tanks
id_00007165,Tees_Tanks
id_00007166,Dresses
id_00007167,Shorts
id_00007168,Pants
id_00007169,Dresses
id_00007170,Shorts
id_00007171,Tees_Tanks
id_00007172,Shorts
id_00007173,Cardigans
id_00007174,Blouses_Shirts
id_00007175,Shorts
id_00007176,Dresses
id_00007177,Blouses_Shirts
id_00007178,Tees_Tanks
id_00007179,Dresses
id_00007180,Skirts
id_00007181,Tees_Tanks
id_00007182,Blouses_Shirts
id_00007183,Blouses_Shirts
id_00007184,Jackets_Coats
id_00007185,Tees_Tanks
id_00007186,Jackets_Coats
id_00007187,Jackets_Coats
id_00007188,Pants
id_00007189,Dresses
id_00007190,Blouses_Shirts
id_00007191,Tees_Tanks
id_00007192,Blouses_Shirts
id_00007193,Tees_Tanks
id_00007194,Dresses
id_00007195,Tees_Tanks
id_00007196,Blouses_Shirts
id_00007197,Blouses_Shirts
id_00007198,Sweatshirts_Hoodies
id_00007199,Blouses_Shirts
id_00007200,Blouses_Shirts
id_00007201,Blouses_Shirts
id_00007202,Skirts
id_00007203,Blouses_Shirts
id_00007204,Tees_Tanks
id_00007205,Tees_Tanks
id_00007206,Graphic_Tees
id_00007207,Sweaters
id_00007208,Blouses_Shirts
id_00007209,Tees_Tanks
id_00007210,Shorts
id_00007211,Blouses_Shirts
id_00007212,Tees_Tanks
id_00007213,Shorts
id_00007214,Shorts
id_00007215,Dresses
id_00007216,Denim
id_00007217,Pants
id_00007218,Blouses_Shirts
id_00007219,Dresses
id_00007220,Dresses
id_00007221,Sweaters
id_00007222,Blouses_Shirts
id_00007223,Blouses_Shirts
id_00007224,Tees_Tanks
id_00007225,Tees_Tanks
id_00007226,Skirts
id_00007227,Blouses_Shirts
id_00007228,Pants
id_00007229,Tees_Tanks
id_00007230,Blouses_Shirts
id_00007231,Dresses
id_00007232,Graphic_Tees
id_00007233,Pants
id_00007234,Tees_Tanks
id_00007235,Sweaters
id_00007236,Skirts
id_00007237,Skirts
id_00007238,Tees_Tanks
id_00007239,Shorts
id_00007240,Sweatshirts_Hoodies
id_00007241,Dresses
id_00007242,Graphic_Tees
id_00007243,Jackets_Coats
id_00007244,Skirts
id_00007245,Shorts
id_00007246,Sweatshirts_Hoodies
id_00007247,Jackets_Vests
id_00007248,Dresses
id_00007249,Dresses
id_00007250,Skirts
id_00007251,Graphic_Tees
id_00007252,Dresses
id_00007253,Pants
id_00007254,Tees_Tanks
id_00007255,Jackets_Coats
id_00007256,Dresses
id_00007257,Shorts
id_00007258,Blouses_Shirts
id_00007259,Blouses_Shirts
id_00007260,Blouses_Shirts
id_00007261,Blouses_Shirts
id_00007262,Sweaters
id_00007263,Jackets_Coats
id_00007264,Dresses
id_00007265,Dresses
id_00007266,Dresses
id_00007267,Blouses_Shirts
id_00007268,Sweaters
id_00007269,Sweaters
id_00007270,Dresses
id_00007271,Blouses_Shirts
id_00007272,Jackets_Vests
id_00007273,Blouses_Shirts
id_00007274,Tees_Tanks
id_00007275,Tees_Tanks
id_00007276,Tees_Tanks
id_00007277,Tees_Tanks
id_00007278,Pants
id_00007279,Tees_Tanks
id_00007280,Tees_Tanks
id_00007281,Graphic_Tees
id_00007282,Pants
id_00007283,Shorts
id_00007284,Blouses_Shirts
id_00007285,Dresses
id_00007286,Tees_Tanks
id_00007287,Blouses_Shirts
id_00007288,Tees_Tanks
id_00007289,Tees_Tanks
id_00007290,Tees_Tanks
id_00007291,Shorts
id_00007292,Tees_Tanks
id_00007293,Sweaters
id_00007294,Tees_Tanks
id_00007295,Jackets_Coats
id_00007296,Blouses_Shirts
id_00007297,Denim
id_00007298,Jackets_Coats
id_00007299,Sweaters
id_00007300,Denim
id_00007301,Tees_Tanks
id_00007302,Sweaters
id_00007303,Blouses_Shirts
id_00007304,Dresses
id_00007305,Blouses_Shirts
id_00007306,Dresses
id_00007307,Pants
id_00007308,Dresses
id_00007309,Shorts
id_00007310,Tees_Tanks
id_00007311,Skirts
id_00007312,Sweaters
id_00007313,Blouses_Shirts
id_00007314,Blouses_Shirts
id_00007315,Pants
id_00007316,Jackets_Coats
id_00007317,Blouses_Shirts
id_00007318,Tees_Tanks
id_00007319,Tees_Tanks
id_00007320,Tees_Tanks
id_00007321,Rompers_Jumpsuits
id_00007322,Sweatshirts_Hoodies
id_00007323,Pants
id_00007324,Jackets_Vests
id_00007325,Blouses_Shirts
id_00007326,Dresses
id_00007327,Blouses_Shirts
id_00007328,Shorts
id_00007329,Dresses
id_00007330,Tees_Tanks
id_00007331,Sweaters
id_00007332,Dresses
id_00007333,Tees_Tanks
id_00007334,Tees_Tanks
id_00007335,Dresses
id_00007336,Blouses_Shirts
id_00007337,Tees_Tanks
id_00007338,Shorts
id_00007339,Blouses_Shirts
id_00007340,Dresses
id_00007341,Rompers_Jumpsuits
id_00007342,Blouses_Shirts
id_00007343,Dresses
id_00007344,Tees_Tanks
id_00007345,Shorts
id_00007346,Blouses_Shirts
id_00007347,Blouses_Shirts
id_00007348,Pants
id_00007349,Tees_Tanks
id_00007350,Shorts
id_00007351,Shorts
id_00007352,Skirts
id_00007353,Blouses_Shirts
id_00007354,Blouses_Shirts
id_00007355,Graphic_Tees
id_00007356,Blouses_Shirts
id_00007357,Blouses_Shirts
id_00007358,Sweaters
id_00007359,Tees_Tanks
id_00007360,Tees_Tanks
id_00007361,Tees_Tanks
id_00007362,Shorts
id_00007363,Shorts
id_00007364,Blouses_Shirts
id_00007365,Tees_Tanks
id_00007366,Sweaters
id_00007367,Pants
id_00007368,Dresses
id_00007369,Tees_Tanks
id_00007370,Jackets_Coats
id_00007371,Sweaters
id_00007372,Cardigans
id_00007373,Dresses
id_00007374,Blouses_Shirts
id_00007375,Shorts
id_00007376,Sweatshirts_Hoodies
id_00007377,Pants
id_00007378,Dresses
id_00007379,Rompers_Jumpsuits
id_00007380,Skirts
id_00007381,Blouses_Shirts
id_00007382,Tees_Tanks
id_00007383,Sweaters
id_00007384,Blouses_Shirts
id_00007385,Blouses_Shirts
id_00007386,Tees_Tanks
id_00007387,Shorts
id_00007388,Pants
id_00007389,Shorts
id_00007390,Sweaters
id_00007391,Tees_Tanks
id_00007392,Pants
id_00007393,Pants
id_00007394,Sweaters
id_00007395,Sweatshirts_Hoodies
id_00007396,Tees_Tanks
id_00007397,Dresses
id_00007398,Tees_Tanks
id_00007399,Blouses_Shirts
id_00007400,Dresses
id_00007401,Skirts
id_00007402,Blouses_Shirts
id_00007403,Pants
id_00007404,Tees_Tanks
id_00007405,Dresses
id_00007406,Tees_Tanks
id_00007407,Blouses_Shirts
id_00007408,Rompers_Jumpsuits
id_00007409,Tees_Tanks
id_00007410,Blouses_Shirts
id_00007411,Cardigans
id_00007412,Blouses_Shirts
id_00007413,Tees_Tanks
id_00007414,Tees_Tanks
id_00007415,Dresses
id_00007416,Blouses_Shirts
id_00007417,Dresses
id_00007418,Blouses_Shirts
id_00007419,Dresses
id_00007420,Jackets_Coats
id_00007421,Sweatshirts_Hoodies
id_00007422,Blouses_Shirts
id_00007423,Graphic_Tees
id_00007424,Blouses_Shirts
id_00007425,Tees_Tanks
id_00007426,Tees_Tanks
id_00007427,Rompers_Jumpsuits
id_00007428,Sweaters
id_00007429,Shorts
id_00007430,Rompers_Jumpsuits
id_00007431,Jackets_Coats
id_00007432,Blouses_Shirts
id_00007433,Sweatshirts_Hoodies
id_00007434,Shorts
id_00007435,Blouses_Shirts
id_00007436,Graphic_Tees
id_00007437,Cardigans
id_00007438,Rompers_Jumpsuits
id_00007439,Shirts_Polos
id_00007440,Tees_Tanks
id_00007441,Pants
id_00007442,Shorts
id_00007443,Sweaters
id_00007444,Dresses
id_00007445,Rompers_Jumpsuits
id_00007446,Tees_Tanks
id_00007447,Tees_Tanks
id_00007448,Blouses_Shirts
id_00007449,Jackets_Coats
id_00007450,Jackets_Coats
id_00007451,Tees_Tanks
id_00007452,Tees_Tanks
id_00007453,Sweaters
id_00007454,Dresses
id_00007455,Shorts
id_00007456,Blouses_Shirts
id_00007457,Blouses_Shirts
id_00007458,Pants
id_00007459,Jackets_Coats
id_00007460,Blouses_Shirts
id_00007461,Sweatshirts_Hoodies
id_00007462,Dresses
id_00007463,Blouses_Shirts
id_00007464,Tees_Tanks
id_00007465,Blouses_Shirts
id_00007466,Tees_Tanks
id_00007467,Blouses_Shirts
id_00007468,Blouses_Shirts
id_00007469,Pants
id_00007470,Shorts
id_00007471,Tees_Tanks
id_00007472,Blouses_Shirts
id_00007473,Tees_Tanks
id_00007474,Blouses_Shirts
id_00007475,Dresses
id_00007476,Tees_Tanks
id_00007477,Dresses
id_00007478,Skirts
id_00007479,Tees_Tanks
id_00007480,Jackets_Coats
id_00007481,Pants
id_00007482,Rompers_Jumpsuits
id_00007483,Tees_Tanks
id_00007484,Sweaters
id_00007485,Tees_Tanks
id_00007486,Dresses
id_00007487,Tees_Tanks
id_00007488,Skirts
id_00007489,Blouses_Shirts
id_00007490,Sweaters
id_00007491,Tees_Tanks
id_00007492,Tees_Tanks
id_00007493,Blouses_Shirts
id_00007494,Tees_Tanks
id_00007495,Blouses_Shirts
id_00007496,Shorts
id_00007497,Dresses
id_00007498,Blouses_Shirts
id_00007499,Dresses
id_00007500,Shorts
id_00007501,Tees_Tanks
id_00007502,Sweatshirts_Hoodies
id_00007503,Blouses_Shirts
id_00007504,Tees_Tanks
id_00007505,Blouses_Shirts
id_00007506,Rompers_Jumpsuits
id_00007507,Shorts
id_00007508,Dresses
id_00007509,Tees_Tanks
id_00007510,Shorts
id_00007511,Skirts
id_00007512,Graphic_Tees
id_00007513,Shorts
id_00007514,Tees_Tanks
id_00007515,Tees_Tanks
id_00007516,Tees_Tanks
id_00007517,Skirts
id_00007518,Pants
id_00007519,Shorts
id_00007520,Dresses
id_00007521,Rompers_Jumpsuits
id_00007522,Dresses
id_00007523,Graphic_Tees
id_00007524,Denim
id_00007525,Dresses
id_00007526,Pants
id_00007527,Dresses
id_00007528,Blouses_Shirts
id_00007529,Blouses_Shirts
id_00007530,Jackets_Coats
id_00007531,Tees_Tanks
id_00007532,Tees_Tanks
id_00007533,Blouses_Shirts
id_00007534,Dresses
id_00007535,Dresses
id_00007536,Jackets_Coats
id_00007537,Skirts
id_00007538,Sweaters
id_00007539,Shorts
id_00007540,Dresses
id_00007541,Tees_Tanks
id_00007542,Tees_Tanks
id_00007543,Cardigans
id_00007544,Blouses_Shirts
id_00007545,Blouses_Shirts
id_00007546,Skirts
id_00007547,Blouses_Shirts
id_00007548,Dresses
id_00007549,Skirts
id_00007550,Dresses
id_00007551,Dresses
id_00007552,Blouses_Shirts
id_00007553,Tees_Tanks
id_00007554,Rompers_Jumpsuits
id_00007555,Shorts
id_00007556,Pants
id_00007557,Blouses_Shirts
id_00007558,Tees_Tanks
id_00007559,Dresses
id_00007560,Shorts
id_00007561,Dresses
id_00007562,Pants
id_00007563,Tees_Tanks
id_00007564,Jackets_Vests
id_00007565,Dresses
id_00007566,Dresses
id_00007567,Blouses_Shirts
id_00007568,Tees_Tanks
id_00007569,Jackets_Vests
id_00007570,Denim
id_00007571,Blouses_Shirts
id_00007572,Blouses_Shirts
id_00007573,Jackets_Coats
id_00007574,Blouses_Shirts
id_00007575,Tees_Tanks
id_00007576,Shorts
id_00007577,Jackets_Coats
id_00007578,Tees_Tanks
id_00007579,Tees_Tanks
id_00007580,Jackets_Coats
id_00007581,Blouses_Shirts
id_00007582,Sweaters
id_00007583,Jackets_Vests
id_00007584,Pants
id_00007585,Jackets_Coats
id_00007586,Dresses
id_00007587,Rompers_Jumpsuits
id_00007588,Blouses_Shirts
id_00007589,Dresses
id_00007590,Blouses_Shirts
id_00007591,Rompers_Jumpsuits
id_00007592,Cardigans
id_00007593,Blouses_Shirts
id_00007594,Sweaters
id_00007595,Dresses
id_00007596,Skirts
id_00007597,Rompers_Jumpsuits
id_00007598,Blouses_Shirts
id_00007599,Dresses
id_00007600,Tees_Tanks
id_00007601,Tees_Tanks
id_00007602,Blouses_Shirts
id_00007603,Tees_Tanks
id_00007604,Dresses
id_00007605,Cardigans
id_00007606,Skirts
id_00007607,Denim
id_00007608,Jackets_Coats
id_00007609,Dresses
id_00007610,Sweatshirts_Hoodies
id_00007611,Dresses
id_00007612,Blouses_Shirts
id_00007613,Sweatshirts_Hoodies
id_00007614,Dresses
id_00007615,Rompers_Jumpsuits
id_00007616,Tees_Tanks
id_00007617,Shorts
id_00007618,Dresses
id_00007619,Blouses_Shirts
id_00007620,Sweaters
id_00007621,Sweaters
id_00007622,Dresses
id_00007623,Jackets_Coats
id_00007624,Tees_Tanks
id_00007625,Tees_Tanks
id_00007626,Shorts
id_00007627,Blouses_Shirts
id_00007628,Cardigans
id_00007629,Sweaters
id_00007630,Jackets_Coats
id_00007631,Blouses_Shirts
id_00007632,Tees_Tanks
id_00007633,Sweatshirts_Hoodies
id_00007634,Blouses_Shirts
id_00007635,Cardigans
id_00007636,Blouses_Shirts
id_00007637,Dresses
id_00007638,Blouses_Shirts
id_00007639,Tees_Tanks
id_00007640,Dresses
id_00007641,Dresses
id_00007642,Tees_Tanks
id_00007643,Tees_Tanks
id_00007644,Rompers_Jumpsuits
id_00007645,Tees_Tanks
id_00007646,Tees_Tanks
id_00007647,Shorts
id_00007648,Cardigans
id_00007649,Shorts
id_00007650,Dresses
id_00007651,Shorts
id_00007652,Tees_Tanks
id_00007653,Tees_Tanks
id_00007654,Sweaters
id_00007655,Blouses_Shirts
id_00007656,Shorts
id_00007657,Pants
id_00007658,Rompers_Jumpsuits
id_00007659,Skirts
id_00007660,Tees_Tanks
id_00007661,Tees_Tanks
id_00007662,Sweaters
id_00007663,Tees_Tanks
id_00007664,Tees_Tanks
id_00007665,Tees_Tanks
id_00007666,Jackets_Coats
id_00007667,Dresses
id_00007668,Rompers_Jumpsuits
id_00007669,Rompers_Jumpsuits
id_00007670,Tees_Tanks
id_00007671,Dresses
id_00007672,Blouses_Shirts
id_00007673,Blouses_Shirts
id_00007674,Jackets_Coats
id_00007675,Tees_Tanks
id_00007676,Tees_Tanks
id_00007677,Dresses
id_00007678,Blouses_Shirts
id_00007679,Skirts
id_00007680,Shorts
id_00007681,Tees_Tanks
id_00007682,Pants
id_00007683,Blouses_Shirts
id_00007684,Blouses_Shirts
id_00007685,Graphic_Tees
id_00007686,Shorts
id_00007687,Tees_Tanks
id_00007688,Dresses
id_00007689,Sweaters
id_00007690,Rompers_Jumpsuits
id_00007691,Tees_Tanks
id_00007692,Dresses
id_00007693,Dresses
id_00007694,Sweaters
id_00007695,Blouses_Shirts
id_00007696,Graphic_Tees
id_00007697,Tees_Tanks
id_00007698,Rompers_Jumpsuits
id_00007699,Tees_Tanks
id_00007700,Skirts
id_00007701,Dresses
id_00007702,Blouses_Shirts
id_00007703,Blouses_Shirts
id_00007704,Blouses_Shirts
id_00007705,Pants
id_00007706,Skirts
id_00007707,Jackets_Coats
id_00007708,Tees_Tanks
id_00007709,Tees_Tanks
id_00007710,Shorts
id_00007711,Blouses_Shirts
id_00007712,Tees_Tanks
id_00007713,Blouses_Shirts
id_00007714,Shorts
id_00007715,Graphic_Tees
id_00007716,Tees_Tanks
id_00007717,Sweatshirts_Hoodies
id_00007718,Tees_Tanks
id_00007719,Shorts
id_00007720,Sweaters
id_00007721,Tees_Tanks
id_00007722,Jackets_Coats
id_00007723,Tees_Tanks
id_00007724,Dresses
id_00007725,Dresses
id_00007726,Tees_Tanks
id_00007727,Pants
id_00007728,Tees_Tanks
id_00007729,Jackets_Coats
id_00007730,Blouses_Shirts
id_00007731,Tees_Tanks
id_00007732,Tees_Tanks
id_00007733,Skirts
id_00007734,Jackets_Coats
id_00007735,Blouses_Shirts
id_00007736,Blouses_Shirts
id_00007737,Dresses
id_00007738,Graphic_Tees
id_00007739,Shorts
id_00007740,Blouses_Shirts
id_00007741,Sweatshirts_Hoodies
id_00007742,Dresses
id_00007743,Dresses
id_00007744,Tees_Tanks
id_00007745,Dresses
id_00007746,Sweaters
id_00007747,Dresses
id_00007748,Tees_Tanks
id_00007749,Blouses_Shirts
id_00007750,Blouses_Shirts
id_00007751,Dresses
id_00007752,Tees_Tanks
id_00007753,Sweaters
id_00007754,Dresses
id_00007755,Tees_Tanks
id_00007756,Tees_Tanks
id_00007757,Tees_Tanks
id_00007758,Tees_Tanks
id_00007759,Shorts
id_00007760,Rompers_Jumpsuits
id_00007761,Blouses_Shirts
id_00007762,Rompers_Jumpsuits
id_00007763,Skirts
id_00007764,Tees_Tanks
id_00007765,Jackets_Coats
id_00007766,Dresses
id_00007767,Rompers_Jumpsuits
id_00007768,Blouses_Shirts
id_00007769,Dresses
id_00007770,Tees_Tanks
id_00007771,Blouses_Shirts
id_00007772,Blouses_Shirts
id_00007773,Blouses_Shirts
id_00007774,Rompers_Jumpsuits
id_00007775,Skirts
id_00007776,Jackets_Coats
id_00007777,Tees_Tanks
id_00007778,Sweatshirts_Hoodies
id_00007779,Tees_Tanks
id_00007780,Sweatshirts_Hoodies
id_00007781,Sweaters
id_00007782,Tees_Tanks
id_00007783,Blouses_Shirts
id_00007784,Blouses_Shirts
id_00007785,Dresses
id_00007786,Dresses
id_00007787,Rompers_Jumpsuits
id_00007788,Skirts
id_00007789,Skirts
id_00007790,Graphic_Tees
id_00007791,Dresses
id_00007792,Shorts
id_00007793,Tees_Tanks
id_00007794,Dresses
id_00007795,Tees_Tanks
id_00007796,Tees_Tanks
id_00007797,Dresses
id_00007798,Sweaters
id_00007799,Dresses
id_00007800,Jackets_Vests
id_00007801,Sweaters
id_00007802,Pants
id_00007803,Dresses
id_00007804,Sweatshirts_Hoodies
id_00007805,Tees_Tanks
id_00007806,Dresses
id_00007807,Sweaters
id_00007808,Dresses
id_00007809,Skirts
id_00007810,Blouses_Shirts
id_00007811,Pants
id_00007812,Blouses_Shirts
id_00007813,Sweaters
id_00007814,Jackets_Coats
id_00007815,Blouses_Shirts
id_00007816,Blouses_Shirts
id_00007817,Blouses_Shirts
id_00007818,Jackets_Vests
id_00007819,Dresses
id_00007820,Dresses
id_00007821,Sweatshirts_Hoodies
id_00007822,Tees_Tanks
id_00007823,Tees_Tanks
id_00007824,Tees_Tanks
id_00007825,Dresses
id_00007826,Dresses
id_00007827,Dresses
id_00007828,Shorts
id_00007829,Blouses_Shirts
id_00007830,Blouses_Shirts
id_00007831,Blouses_Shirts
id_00007832,Blouses_Shirts
id_00007833,Rompers_Jumpsuits
id_00007834,Dresses
id_00007835,Blouses_Shirts
id_00007836,Tees_Tanks
id_00007837,Tees_Tanks
id_00007838,Tees_Tanks
id_00007839,Dresses
id_00007840,Jackets_Coats
id_00007841,Blouses_Shirts
id_00007842,Sweatshirts_Hoodies
id_00007843,Tees_Tanks
id_00007844,Dresses
id_00007845,Jackets_Coats
id_00007846,Blouses_Shirts
id_00007847,Dresses
id_00007848,Dresses
id_00007849,Shorts
id_00007850,Pants
id_00007851,Blouses_Shirts
id_00007852,Tees_Tanks
id_00007853,Blouses_Shirts
id_00007854,Tees_Tanks
id_00007855,Sweaters
id_00007856,Dresses
id_00007857,Tees_Tanks
id_00007858,Dresses
id_00007859,Dresses
id_00007860,Pants
id_00007861,Dresses
id_00007862,Tees_Tanks
id_00007863,Tees_Tanks
id_00007864,Sweatshirts_Hoodies
id_00007865,Pants
id_00007866,Blouses_Shirts
id_00007867,Dresses
id_00007868,Dresses
id_00007869,Shorts
id_00007870,Shorts
id_00007871,Dresses
id_00007872,Pants
id_00007873,Blouses_Shirts
id_00007874,Blouses_Shirts
id_00007875,Sweatshirts_Hoodies
id_00007876,Dresses
id_00007877,Tees_Tanks
id_00007878,Skirts
id_00007879,Shorts
id_00007880,Tees_Tanks
id_00007881,Jackets_Coats
id_00007882,Dresses
id_00007883,Blouses_Shirts
id_00007884,Tees_Tanks
id_00007885,Tees_Tanks
id_00007886,Rompers_Jumpsuits
id_00007887,Shorts
id_00007888,Dresses
id_00007889,Rompers_Jumpsuits
id_00007890,Shorts
id_00007891,Tees_Tanks
id_00007892,Blouses_Shirts
id_00007893,Blouses_Shirts
id_00007894,Dresses
id_00007895,Blouses_Shirts
id_00007896,Tees_Tanks
id_00007897,Shorts
id_00007898,Tees_Tanks
id_00007899,Tees_Tanks
id_00007900,Blouses_Shirts
id_00007901,Tees_Tanks
id_00007902,Shorts
id_00007903,Tees_Tanks
id_00007904,Tees_Tanks
id_00007905,Blouses_Shirts
id_00007906,Dresses
id_00007907,Sweaters
id_00007908,Sweatshirts_Hoodies
id_00007909,Dresses
id_00007910,Dresses
id_00007911,Blouses_Shirts
id_00007912,Dresses
id_00007913,Shorts
id_00007914,Tees_Tanks
id_00007915,Jackets_Coats
id_00007916,Shorts
id_00007918,Tees_Tanks
id_00007919,Graphic_Tees
id_00007920,Dresses
id_00007921,Jackets_Coats
id_00007922,Blouses_Shirts
id_00007923,Tees_Tanks
id_00007924,Dresses
id_00007925,Tees_Tanks
id_00007926,Tees_Tanks
id_00007927,Sweaters
id_00007928,Dresses
id_00007929,Dresses
id_00007930,Pants
id_00007931,Tees_Tanks
id_00007932,Skirts
id_00007933,Blouses_Shirts
id_00007934,Dresses
id_00007935,Shorts
id_00007936,Blouses_Shirts
id_00007937,Tees_Tanks
id_00007938,Dresses
id_00007939,Dresses
id_00007940,Dresses
id_00007941,Jackets_Coats
id_00007942,Tees_Tanks
id_00007943,Pants
id_00007944,Sweaters
id_00007945,Rompers_Jumpsuits
id_00007946,Tees_Tanks
id_00007947,Dresses
id_00007948,Pants
id_00007949,Tees_Tanks
id_00007950,Blouses_Shirts
id_00007951,Dresses
id_00007952,Rompers_Jumpsuits
id_00007953,Jackets_Coats
id_00007954,Jackets_Coats
id_00007955,Blouses_Shirts
id_00007956,Tees_Tanks
id_00007957,Dresses
id_00007958,Tees_Tanks
id_00007959,Rompers_Jumpsuits
id_00007960,Blouses_Shirts
id_00007961,Tees_Tanks
id_00007962,Tees_Tanks
id_00007963,Pants
id_00007964,Tees_Tanks
id_00007965,Dresses
id_00007966,Tees_Tanks
id_00007967,Tees_Tanks
id_00007968,Dresses
id_00007969,Tees_Tanks
id_00007970,Tees_Tanks
id_00007971,Graphic_Tees
id_00007972,Dresses
id_00007973,Blouses_Shirts
id_00007974,Pants
id_00007975,Dresses
id_00007976,Tees_Tanks
id_00007977,Jackets_Coats
id_00007978,Rompers_Jumpsuits
id_00007979,Tees_Tanks
id_00007980,Dresses
id_00007981,Tees_Tanks
id_00007982,Jackets_Coats
